#options: 1080x1920 fps=30/1 timebase=1/30 bitdepth=8 cabac=1 ref=1 deblock=1:0:0 analyse=0x1:0 me=dia subme=2 psy=1 psy_rd=1.00:0.00 mixed_ref=0 me_range=16 chroma_me=1 trellis=0 8x8dct=0 cqm=0 deadzone=21,11 fast_pskip=1 chroma_qp_offset=0 threads=6 lookahead_threads=2 sliced_threads=0 nr=0 decimate=1 interlaced=0 bluray_compat=0 constrained_intra=0 bframes=3 b_pyramid=2 b_adapt=1 b_bias=0 direct=3 weightb=1 open_gop=0 weightp=2 keyint=250 keyint_min=25 scenecut=40 intra_refresh=0 rc_lookahead=50 rc=abr mbtree=1 bitrate=3600 ratetol=1.0 qcomp=0.60 qpmin=0 qpmax=69 qpstep=4 ip_ratio=1.40 aq=1:1.00
in:0 out:0 type:I dur:2 cpbdur:2 q:28.42 aq:21.74 tex:683862 mv:244762 misc:6312 imb:8160 pmb:0 smb:0 d:- ref:;
in:4 out:1 type:P dur:2 cpbdur:2 q:29.73 aq:23.74 tex:150823 mv:23506 misc:6823 imb:243 pmb:4133 smb:3784 d:- ref:0 ;
in:2 out:2 type:B dur:2 cpbdur:2 q:29.73 aq:26.29 tex:19522 mv:22760 misc:4478 imb:23 pmb:3111 smb:5026 d:s ref:0 ;
in:1 out:3 type:b dur:2 cpbdur:2 q:29.73 aq:24.23 tex:924 mv:7504 misc:4604 imb:3 pmb:2064 smb:6093 d:s ref:0 ;
in:3 out:4 type:b dur:2 cpbdur:2 q:29.73 aq:27.61 tex:18237 mv:8016 misc:4411 imb:23 pmb:1239 smb:6898 d:- ref:0 ;
in:8 out:5 type:P dur:2 cpbdur:2 q:29.92 aq:23.89 tex:160902 mv:34373 misc:6701 imb:594 pmb:4778 smb:2788 d:- ref:0 ;
in:6 out:6 type:B dur:2 cpbdur:2 q:29.82 aq:25.99 tex:29053 mv:23612 misc:5735 imb:54 pmb:3168 smb:4938 d:s ref:0 ;
in:5 out:7 type:b dur:2 cpbdur:2 q:29.77 aq:26.78 tex:16414 mv:18899 misc:6607 imb:80 pmb:3179 smb:4901 d:s ref:0 ;
in:7 out:8 type:b dur:2 cpbdur:2 q:29.87 aq:26.80 tex:6081 mv:7634 misc:4069 imb:41 pmb:953 smb:7166 d:- ref:0 ;
in:12 out:9 type:P dur:2 cpbdur:2 q:36.44 aq:32.03 tex:9427 mv:7121 misc:3324 imb:145 pmb:620 smb:7395 d:s ref:0 ;
in:10 out:10 type:B dur:2 cpbdur:2 q:33.18 aq:29.73 tex:5132 mv:5401 misc:2675 imb:18 pmb:573 smb:7569 d:t ref:0 ;
in:9 out:11 type:b dur:2 cpbdur:2 q:31.55 aq:29.21 tex:3319 mv:4115 misc:2542 imb:17 pmb:507 smb:7636 d:s ref:0 ;
in:11 out:12 type:b dur:2 cpbdur:2 q:34.81 aq:32.29 tex:884 mv:3062 misc:1670 imb:4 pmb:334 smb:7822 d:- ref:0 ;
in:16 out:13 type:P dur:2 cpbdur:2 q:32.94 aq:29.43 tex:40080 mv:15392 misc:5632 imb:310 pmb:1525 smb:6325 d:s ref:0 ;
in:14 out:14 type:B dur:2 cpbdur:2 q:34.69 aq:31.72 tex:4295 mv:6130 misc:2599 imb:22 pmb:596 smb:7542 d:t ref:0 ;
in:13 out:15 type:b dur:2 cpbdur:2 q:35.57 aq:33.03 tex:438 mv:3192 misc:1650 imb:3 pmb:305 smb:7852 d:s ref:0 ;
in:15 out:16 type:b dur:2 cpbdur:2 q:33.81 aq:32.85 tex:2281 mv:4267 misc:2076 imb:7 pmb:420 smb:7733 d:- ref:0 ;
in:20 out:17 type:P dur:2 cpbdur:2 q:29.64 aq:27.91 tex:527821 mv:62405 misc:758 imb:5255 pmb:2891 smb:14 d:s ref:0 w:5,39,13,6,107,-86,89,-50 ;
in:18 out:18 type:B dur:2 cpbdur:2 q:31.29 aq:28.28 tex:177108 mv:18211 misc:6705 imb:686 pmb:3339 smb:4135 d:s ref:0 ;
in:17 out:19 type:b dur:2 cpbdur:2 q:32.11 aq:29.68 tex:15657 mv:8148 misc:3875 imb:122 pmb:844 smb:7194 d:s ref:0 ;
in:19 out:20 type:b dur:2 cpbdur:2 q:30.46 aq:28.66 tex:77481 mv:13112 misc:6111 imb:248 pmb:2526 smb:5386 d:- ref:0 ;
in:21 out:21 type:i dur:2 cpbdur:2 q:29.03 aq:18.74 tex:258843 mv:88447 misc:262 imb:8160 pmb:0 smb:0 d:s ref:;
in:25 out:22 type:P dur:2 cpbdur:2 q:27.85 aq:21.61 tex:495724 mv:49754 misc:1122 imb:6367 pmb:674 smb:1119 d:s ref:0 ;
in:23 out:23 type:B dur:2 cpbdur:2 q:27.85 aq:21.55 tex:187645 mv:43150 misc:4629 imb:1807 pmb:3937 smb:2416 d:t ref:0 ;
in:22 out:24 type:b dur:2 cpbdur:2 q:27.85 aq:21.55 tex:126845 mv:41156 misc:4703 imb:1815 pmb:3716 smb:2629 d:s ref:0 ;
in:24 out:25 type:b dur:2 cpbdur:2 q:27.85 aq:22.77 tex:112382 mv:38673 misc:5057 imb:1405 pmb:4186 smb:2569 d:- ref:0 ;
in:29 out:26 type:P dur:2 cpbdur:2 q:30.59 aq:21.25 tex:301899 mv:59728 misc:725 imb:5439 pmb:2716 smb:5 d:s ref:0 w:6,65,-9 ;
in:27 out:27 type:B dur:2 cpbdur:2 q:29.22 aq:23.59 tex:67243 mv:28234 misc:5907 imb:297 pmb:3166 smb:4697 d:s ref:0 ;
in:26 out:28 type:b dur:2 cpbdur:2 q:28.53 aq:24.95 tex:43017 mv:20185 misc:5158 imb:180 pmb:2374 smb:5606 d:s ref:0 ;
in:28 out:29 type:b dur:2 cpbdur:2 q:29.90 aq:26.86 tex:26274 mv:14706 misc:4916 imb:65 pmb:1773 smb:6322 d:- ref:0 ;
in:33 out:30 type:P dur:2 cpbdur:2 q:32.54 aq:24.12 tex:107778 mv:29503 misc:5399 imb:971 pmb:2677 smb:4512 d:s ref:0 ;
in:31 out:31 type:B dur:2 cpbdur:2 q:31.56 aq:26.69 tex:21761 mv:14523 misc:4812 imb:89 pmb:1558 smb:6513 d:s ref:0 ;
in:30 out:32 type:b dur:2 cpbdur:2 q:31.07 aq:27.89 tex:11133 mv:9059 misc:3968 imb:57 pmb:1083 smb:7020 d:s ref:0 ;
in:32 out:33 type:b dur:2 cpbdur:2 q:32.05 aq:29.41 tex:8919 mv:6642 misc:3231 imb:44 pmb:802 smb:7314 d:- ref:0 ;
in:37 out:34 type:P dur:2 cpbdur:2 q:32.67 aq:25.39 tex:52309 mv:20323 misc:5304 imb:546 pmb:2133 smb:5481 d:s ref:0 ;
in:35 out:35 type:B dur:2 cpbdur:2 q:32.60 aq:28.29 tex:11204 mv:10560 misc:3972 imb:44 pmb:1246 smb:6870 d:s ref:0 ;
in:34 out:36 type:b dur:2 cpbdur:2 q:32.57 aq:28.45 tex:2120 mv:2404 misc:2068 imb:14 pmb:368 smb:7778 d:s ref:0 ;
in:36 out:37 type:b dur:2 cpbdur:2 q:32.64 aq:28.65 tex:1857 mv:2561 misc:2142 imb:25 pmb:368 smb:7767 d:- ref:0 ;
in:41 out:38 type:P dur:2 cpbdur:2 q:31.71 aq:24.83 tex:96531 mv:26150 misc:5679 imb:932 pmb:2444 smb:4784 d:s ref:0 ;
in:39 out:39 type:B dur:2 cpbdur:2 q:32.19 aq:26.85 tex:16737 mv:12166 misc:4913 imb:98 pmb:1447 smb:6615 d:s ref:0 ;
in:38 out:40 type:b dur:2 cpbdur:2 q:32.43 aq:27.89 tex:4430 mv:5321 misc:2857 imb:27 pmb:708 smb:7425 d:s ref:0 ;
in:40 out:41 type:b dur:2 cpbdur:2 q:31.95 aq:28.33 tex:10407 mv:7406 misc:4123 imb:49 pmb:1068 smb:7043 d:- ref:0 ;
in:45 out:42 type:P dur:2 cpbdur:2 q:30.75 aq:22.58 tex:227504 mv:48218 misc:2262 imb:3310 pmb:2951 smb:1899 d:s ref:0 w:5,29,22 ;
in:43 out:43 type:B dur:2 cpbdur:2 q:31.23 aq:25.79 tex:28762 mv:22010 misc:5748 imb:417 pmb:2513 smb:5230 d:s ref:0 ;
in:42 out:44 type:b dur:2 cpbdur:2 q:31.47 aq:27.47 tex:11230 mv:12956 misc:5246 imb:115 pmb:1783 smb:6262 d:s ref:0 ;
in:44 out:45 type:b dur:2 cpbdur:2 q:30.99 aq:27.60 tex:17316 mv:12843 misc:4569 imb:82 pmb:1538 smb:6540 d:- ref:0 ;
in:49 out:46 type:P dur:2 cpbdur:2 q:30.05 aq:22.25 tex:145660 mv:36441 misc:4315 imb:1519 pmb:3298 smb:3343 d:s ref:0 ;
in:47 out:47 type:B dur:2 cpbdur:2 q:30.40 aq:25.30 tex:31582 mv:18110 misc:5636 imb:212 pmb:2190 smb:5758 d:s ref:0 ;
in:46 out:48 type:b dur:2 cpbdur:2 q:30.58 aq:27.29 tex:19246 mv:12568 misc:4754 imb:73 pmb:1647 smb:6440 d:s ref:0 ;
in:48 out:49 type:b dur:2 cpbdur:2 q:30.22 aq:25.96 tex:10093 mv:9720 misc:4699 imb:116 pmb:1381 smb:6663 d:- ref:0 ;
in:53 out:50 type:P dur:2 cpbdur:2 q:29.86 aq:22.80 tex:137774 mv:34762 misc:4392 imb:1577 pmb:3050 smb:3533 d:s ref:0 ;
in:51 out:51 type:B dur:2 cpbdur:2 q:29.95 aq:24.60 tex:39476 mv:19721 misc:5795 imb:187 pmb:2512 smb:5461 d:s ref:0 ;
in:50 out:52 type:b dur:2 cpbdur:2 q:30.00 aq:26.27 tex:10465 mv:10407 misc:4848 imb:70 pmb:1583 smb:6507 d:s ref:0 ;
in:52 out:53 type:b dur:2 cpbdur:2 q:29.91 aq:25.33 tex:12029 mv:9944 misc:4947 imb:115 pmb:1486 smb:6559 d:- ref:0 ;
in:57 out:54 type:P dur:2 cpbdur:2 q:29.44 aq:23.49 tex:127246 mv:37427 misc:4503 imb:1747 pmb:2936 smb:3477 d:s ref:0 ;
in:55 out:55 type:B dur:2 cpbdur:2 q:29.65 aq:24.17 tex:69213 mv:22037 misc:6126 imb:221 pmb:2717 smb:5222 d:s ref:0 ;
in:54 out:56 type:b dur:2 cpbdur:2 q:29.75 aq:24.94 tex:13772 mv:11937 misc:5211 imb:118 pmb:1691 smb:6351 d:s ref:0 ;
in:56 out:57 type:b dur:2 cpbdur:2 q:29.54 aq:25.24 tex:17639 mv:11530 misc:5391 imb:129 pmb:1659 smb:6372 d:- ref:0 ;
in:60 out:58 type:P dur:2 cpbdur:2 q:29.11 aq:22.09 tex:235150 mv:56002 misc:784 imb:6253 pmb:1900 smb:7 d:s ref:0 w:7,117,27,6,67,-4,58,10 ;
in:58 out:59 type:B dur:2 cpbdur:2 q:29.33 aq:25.07 tex:65180 mv:18684 misc:5272 imb:258 pmb:2243 smb:5659 d:s ref:0 ;
in:59 out:60 type:b dur:2 cpbdur:2 q:29.22 aq:24.49 tex:49026 mv:20693 misc:6081 imb:697 pmb:2288 smb:5175 d:- ref:0 ;
in:62 out:61 type:P dur:2 cpbdur:2 q:29.02 aq:21.64 tex:201985 mv:51275 misc:748 imb:6502 pmb:1656 smb:2 d:s ref:0 w:4,15,24,5,40,-27,31,1 ;
in:61 out:62 type:b dur:2 cpbdur:2 q:29.07 aq:23.13 tex:58610 mv:19082 misc:6324 imb:683 pmb:2739 smb:4738 d:s ref:0 ;
in:63 out:63 type:I dur:2 cpbdur:2 q:27.38 aq:22.92 tex:566611 mv:187493 misc:624 imb:8160 pmb:0 smb:0 d:s ref:;
in:64 out:64 type:P dur:2 cpbdur:2 q:29.65 aq:26.23 tex:210232 mv:55708 misc:1484 imb:3766 pmb:4241 smb:153 d:s ref:0 w:6,63,-9,7,124,3,121,9 ;
in:65 out:65 type:P dur:2 cpbdur:2 q:29.76 aq:25.97 tex:307726 mv:64118 misc:828 imb:3855 pmb:4276 smb:29 d:s ref:0 w:7,125,-7,7,117,10,117,13 ;
in:67 out:66 type:P dur:2 cpbdur:2 q:29.85 aq:26.04 tex:532515 mv:72648 misc:733 imb:4849 pmb:3308 smb:3 d:s ref:0 w:7,119,-8,7,100,26,103,28 ;
in:66 out:67 type:b dur:2 cpbdur:2 q:29.81 aq:28.46 tex:122510 mv:39090 misc:6688 imb:857 pmb:5061 smb:2242 d:s ref:0 ;
in:70 out:68 type:P dur:2 cpbdur:2 q:30.29 aq:25.24 tex:514479 mv:77105 misc:800 imb:3162 pmb:4973 smb:25 d:s ref:0 w:7,123,-2,6,55,17,57,15 ;
in:68 out:69 type:B dur:2 cpbdur:2 q:30.00 aq:28.03 tex:59837 mv:25880 misc:7371 imb:268 pmb:3287 smb:4605 d:s ref:0 ;
in:69 out:70 type:b dur:2 cpbdur:2 q:30.15 aq:28.12 tex:14849 mv:12921 misc:5910 imb:86 pmb:1686 smb:6388 d:- ref:0 ;
in:74 out:71 type:P dur:2 cpbdur:2 q:31.50 aq:26.42 tex:195562 mv:51197 misc:4353 imb:1262 pmb:5592 smb:1306 d:s ref:0 ;
in:72 out:72 type:B dur:2 cpbdur:2 q:30.90 aq:28.03 tex:40739 mv:24573 misc:7544 imb:201 pmb:3066 smb:4893 d:s ref:0 ;
in:71 out:73 type:b dur:2 cpbdur:2 q:30.59 aq:28.43 tex:14234 mv:15447 misc:6519 imb:93 pmb:1999 smb:6068 d:s ref:0 ;
in:73 out:74 type:b dur:2 cpbdur:2 q:31.20 aq:28.82 tex:10972 mv:11725 misc:5103 imb:96 pmb:1339 smb:6725 d:- ref:0 ;
in:78 out:75 type:P dur:2 cpbdur:2 q:32.64 aq:27.60 tex:171799 mv:50958 misc:4907 imb:1383 pmb:5194 smb:1583 d:s ref:0 ;
in:76 out:76 type:B dur:2 cpbdur:2 q:32.07 aq:29.11 tex:27840 mv:22943 misc:7097 imb:156 pmb:2636 smb:5368 d:s ref:0 ;
in:75 out:77 type:b dur:2 cpbdur:2 q:31.79 aq:29.68 tex:11482 mv:12675 misc:5331 imb:99 pmb:1441 smb:6620 d:s ref:0 ;
in:77 out:78 type:b dur:2 cpbdur:2 q:32.36 aq:30.43 tex:9604 mv:10758 misc:4702 imb:57 pmb:1200 smb:6903 d:- ref:0 ;
in:82 out:79 type:P dur:2 cpbdur:2 q:32.33 aq:27.34 tex:177563 mv:50769 misc:4788 imb:1345 pmb:5460 smb:1355 d:s ref:0 ;
in:80 out:80 type:B dur:2 cpbdur:2 q:32.49 aq:29.69 tex:24679 mv:20056 misc:6785 imb:115 pmb:2323 smb:5722 d:t ref:0 ;
in:79 out:81 type:b dur:2 cpbdur:2 q:32.57 aq:30.59 tex:8128 mv:10551 misc:4769 imb:58 pmb:1183 smb:6919 d:s ref:0 ;
in:81 out:82 type:b dur:2 cpbdur:2 q:32.41 aq:30.49 tex:7995 mv:9574 misc:4319 imb:54 pmb:1078 smb:7028 d:- ref:0 ;
in:86 out:83 type:P dur:2 cpbdur:2 q:32.05 aq:27.28 tex:160337 mv:48938 misc:4941 imb:1338 pmb:5351 smb:1471 d:s ref:0 ;
in:84 out:84 type:B dur:2 cpbdur:2 q:32.19 aq:29.48 tex:31468 mv:21366 misc:6750 imb:151 pmb:2471 smb:5538 d:s ref:0 ;
in:83 out:85 type:b dur:2 cpbdur:2 q:32.26 aq:30.03 tex:10541 mv:10727 misc:5076 imb:81 pmb:1369 smb:6710 d:s ref:0 ;
in:85 out:86 type:b dur:2 cpbdur:2 q:32.12 aq:30.55 tex:15128 mv:11864 misc:5216 imb:71 pmb:1488 smb:6601 d:- ref:0 ;
in:90 out:87 type:P dur:2 cpbdur:2 q:31.81 aq:27.51 tex:150258 mv:46608 misc:5598 imb:1423 pmb:4927 smb:1810 d:s ref:0 ;
in:88 out:88 type:B dur:2 cpbdur:2 q:31.93 aq:29.25 tex:38034 mv:23402 misc:7004 imb:208 pmb:2673 smb:5279 d:s ref:0 ;
in:87 out:89 type:b dur:2 cpbdur:2 q:31.99 aq:29.95 tex:11385 mv:14594 misc:5885 imb:109 pmb:1744 smb:6307 d:s ref:0 ;
in:89 out:90 type:b dur:2 cpbdur:2 q:31.87 aq:30.12 tex:12899 mv:12785 misc:5932 imb:100 pmb:1675 smb:6385 d:- ref:0 ;
in:94 out:91 type:P dur:2 cpbdur:2 q:31.64 aq:27.25 tex:160304 mv:41552 misc:5056 imb:2603 pmb:3516 smb:2041 d:s ref:0 ;
in:92 out:92 type:B dur:2 cpbdur:2 q:31.72 aq:29.42 tex:61659 mv:27701 misc:7120 imb:480 pmb:2874 smb:4806 d:s ref:0 ;
in:91 out:93 type:b dur:2 cpbdur:2 q:31.77 aq:30.62 tex:20453 mv:17261 misc:6102 imb:154 pmb:1914 smb:6092 d:s ref:0 ;
in:93 out:94 type:b dur:2 cpbdur:2 q:31.68 aq:31.10 tex:28173 mv:17645 misc:5958 imb:163 pmb:1902 smb:6095 d:- ref:0 ;
in:98 out:95 type:P dur:2 cpbdur:2 q:31.40 aq:20.49 tex:137196 mv:29635 misc:3241 imb:4663 pmb:1716 smb:1781 d:s ref:0 ;
in:96 out:96 type:B dur:2 cpbdur:2 q:31.52 aq:29.31 tex:72751 mv:27695 misc:5986 imb:613 pmb:2594 smb:4953 d:s ref:0 ;
in:95 out:97 type:b dur:2 cpbdur:2 q:31.58 aq:29.96 tex:34552 mv:24826 misc:6078 imb:305 pmb:2531 smb:5324 d:s ref:0 ;
in:97 out:98 type:b dur:2 cpbdur:2 q:31.46 aq:27.12 tex:35053 mv:18393 misc:5178 imb:249 pmb:2011 smb:5900 d:- ref:0 ;
in:100 out:99 type:P dur:2 cpbdur:2 q:31.21 aq:18.82 tex:97442 mv:17575 misc:3231 imb:2291 pmb:1035 smb:4834 d:s ref:0 ;
in:99 out:100 type:b dur:2 cpbdur:2 q:31.31 aq:30.09 tex:21589 mv:12416 misc:3667 imb:116 pmb:1255 smb:6789 d:s ref:0 ;
in:104 out:101 type:P dur:2 cpbdur:2 q:31.15 aq:17.54 tex:103351 mv:11404 misc:3005 imb:1629 pmb:695 smb:5836 d:s ref:0 ;
in:102 out:102 type:B dur:2 cpbdur:2 q:31.18 aq:22.84 tex:15001 mv:7369 misc:2262 imb:108 pmb:755 smb:7297 d:s ref:0 ;
in:101 out:103 type:b dur:2 cpbdur:2 q:31.20 aq:23.76 tex:10181 mv:8636 misc:2191 imb:62 pmb:841 smb:7257 d:s ref:0 ;
in:103 out:104 type:b dur:2 cpbdur:2 q:31.17 aq:21.33 tex:3633 mv:5844 misc:1875 imb:91 pmb:509 smb:7560 d:- ref:0 ;
in:108 out:105 type:P dur:2 cpbdur:2 q:30.99 aq:18.10 tex:57508 mv:9277 misc:2767 imb:689 pmb:747 smb:6724 d:s ref:0 w:6,65,-4,6,67,-6,73,-18 ;
in:106 out:106 type:B dur:2 cpbdur:2 q:31.07 aq:21.33 tex:10104 mv:7627 misc:1989 imb:139 pmb:626 smb:7395 d:t ref:0 ;
in:105 out:107 type:b dur:2 cpbdur:2 q:31.11 aq:23.82 tex:3738 mv:5552 misc:1678 imb:60 pmb:447 smb:7653 d:s ref:0 ;
in:107 out:108 type:b dur:2 cpbdur:2 q:31.03 aq:23.74 tex:4007 mv:5139 misc:1790 imb:64 pmb:470 smb:7626 d:- ref:0 ;
in:112 out:109 type:P dur:2 cpbdur:2 q:30.58 aq:18.91 tex:57596 mv:9183 misc:2685 imb:479 pmb:779 smb:6902 d:s ref:0 ;
in:110 out:110 type:B dur:2 cpbdur:2 q:30.79 aq:19.75 tex:10872 mv:8227 misc:2093 imb:129 pmb:727 smb:7304 d:t ref:0 ;
in:109 out:111 type:b dur:2 cpbdur:2 q:30.89 aq:23.19 tex:3464 mv:4935 misc:1617 imb:40 pmb:428 smb:7692 d:s ref:0 ;
in:111 out:112 type:b dur:2 cpbdur:2 q:30.68 aq:25.81 tex:3802 mv:5732 misc:1698 imb:28 pmb:528 smb:7604 d:- ref:0 ;
in:116 out:113 type:P dur:2 cpbdur:2 q:30.17 aq:19.60 tex:52569 mv:9150 misc:2153 imb:469 pmb:725 smb:6966 d:s ref:0 ;
in:114 out:114 type:B dur:2 cpbdur:2 q:30.38 aq:23.29 tex:13714 mv:8487 misc:2095 imb:82 pmb:835 smb:7243 d:t ref:0 ;
in:113 out:115 type:b dur:2 cpbdur:2 q:30.48 aq:26.06 tex:4642 mv:6165 misc:1721 imb:34 pmb:570 smb:7556 d:s ref:0 ;
in:115 out:116 type:b dur:2 cpbdur:2 q:30.27 aq:26.54 tex:3948 mv:5501 misc:1735 imb:29 pmb:534 smb:7597 d:- ref:0 ;
in:120 out:117 type:P dur:2 cpbdur:2 q:29.63 aq:20.43 tex:86832 mv:30385 misc:3599 imb:5720 pmb:1536 smb:904 d:s ref:0 w:6,63,1,5,31,4,30,8 ;
in:118 out:118 type:B dur:2 cpbdur:2 q:29.90 aq:21.51 tex:16380 mv:10242 misc:2610 imb:157 pmb:862 smb:7141 d:s ref:0 ;
in:117 out:119 type:b dur:2 cpbdur:2 q:30.03 aq:21.46 tex:4506 mv:5304 misc:1798 imb:36 pmb:509 smb:7615 d:t ref:0 ;
in:119 out:120 type:b dur:2 cpbdur:2 q:29.77 aq:18.41 tex:21945 mv:18619 misc:7236 imb:794 pmb:2548 smb:4818 d:- ref:0 ;
in:122 out:121 type:P dur:2 cpbdur:2 q:29.25 aq:23.75 tex:419012 mv:49422 misc:718 imb:6762 pmb:1395 smb:3 d:s ref:0 w:7,117,6,5,31,1,61,-116 ;
in:121 out:122 type:b dur:2 cpbdur:2 q:29.44 aq:23.41 tex:67926 mv:28242 misc:6040 imb:2371 pmb:2194 smb:3595 d:s ref:0 ;
in:124 out:123 type:P dur:2 cpbdur:2 q:29.28 aq:24.35 tex:808534 mv:65669 misc:829 imb:4892 pmb:3267 smb:1 d:s ref:0 w:6,67,-31,5,41,-41,64,-128 ;
in:123 out:124 type:b dur:2 cpbdur:2 q:29.27 aq:26.20 tex:90996 mv:18577 misc:6971 imb:1159 pmb:3028 smb:3973 d:t ref:0 ;
in:126 out:125 type:P dur:2 cpbdur:2 q:29.39 aq:25.32 tex:898869 mv:63375 misc:708 imb:2869 pmb:5291 smb:0 d:s ref:0 w:6,85,-92,6,97,-69,115,-103 ;
in:125 out:126 type:b dur:2 cpbdur:2 q:29.33 aq:28.36 tex:101923 mv:13902 misc:6127 imb:299 pmb:3134 smb:4727 d:t ref:0 ;
in:127 out:127 type:P dur:2 cpbdur:2 q:29.93 aq:25.84 tex:562760 mv:51426 misc:870 imb:1173 pmb:6970 smb:17 d:s ref:0 w:4,19,-47,6,76,-25,79,-30 ;
in:131 out:128 type:P dur:2 cpbdur:2 q:30.09 aq:26.98 tex:788854 mv:62725 misc:1005 imb:1274 pmb:6851 smb:35 d:s ref:0 w:6,81,-64,6,82,-36,81,-36 ;
in:129 out:129 type:B dur:2 cpbdur:2 q:30.01 aq:29.98 tex:235214 mv:47005 misc:5205 imb:389 pmb:6326 smb:1445 d:s ref:0 ;
in:128 out:130 type:b dur:2 cpbdur:2 q:29.97 aq:31.15 tex:299376 mv:52646 misc:1794 imb:994 pmb:6862 smb:304 d:s ref:0 ;
in:130 out:131 type:b dur:2 cpbdur:2 q:30.05 aq:31.45 tex:81332 mv:24826 misc:7722 imb:24 pmb:4322 smb:3814 d:- ref:0 ;
in:135 out:132 type:P dur:2 cpbdur:2 q:31.57 aq:27.87 tex:740733 mv:61930 misc:1449 imb:1468 pmb:6521 smb:171 d:s ref:0 ;
in:133 out:133 type:B dur:2 cpbdur:2 q:30.83 aq:30.91 tex:133267 mv:36813 misc:7240 imb:62 pmb:5132 smb:2966 d:s ref:0 ;
in:132 out:134 type:b dur:2 cpbdur:2 q:30.46 aq:31.93 tex:68976 mv:16650 misc:5758 imb:44 pmb:3459 smb:4657 d:s ref:0 ;
in:134 out:135 type:b dur:2 cpbdur:2 q:31.20 aq:32.92 tex:53558 mv:19474 misc:7224 imb:11 pmb:3030 smb:5119 d:- ref:0 ;
in:139 out:136 type:P dur:2 cpbdur:2 q:33.10 aq:29.89 tex:289901 mv:45513 misc:3498 imb:255 pmb:6950 smb:955 d:s ref:0 ;
in:137 out:137 type:B dur:2 cpbdur:2 q:32.33 aq:32.71 tex:59835 mv:27132 misc:7601 imb:23 pmb:3451 smb:4686 d:t ref:0 ;
in:136 out:138 type:b dur:2 cpbdur:2 q:31.95 aq:33.82 tex:39668 mv:16758 misc:6526 imb:12 pmb:2428 smb:5720 d:s ref:0 ;
in:138 out:139 type:b dur:2 cpbdur:2 q:32.71 aq:34.87 tex:31942 mv:15515 misc:6551 imb:9 pmb:2271 smb:5880 d:- ref:0 ;
in:143 out:140 type:P dur:2 cpbdur:2 q:33.54 aq:30.84 tex:255960 mv:44663 misc:4169 imb:249 pmb:6718 smb:1193 d:s ref:0 ;
in:141 out:141 type:B dur:2 cpbdur:2 q:33.32 aq:33.60 tex:55356 mv:27289 misc:7659 imb:16 pmb:3477 smb:4667 d:t ref:0 ;
in:140 out:142 type:b dur:2 cpbdur:2 q:33.21 aq:35.34 tex:29533 mv:15540 misc:6415 imb:11 pmb:2163 smb:5986 d:s ref:0 ;
in:142 out:143 type:b dur:2 cpbdur:2 q:33.43 aq:35.71 tex:22685 mv:13153 misc:5778 imb:3 pmb:1844 smb:6313 d:- ref:0 ;
in:147 out:144 type:P dur:2 cpbdur:2 q:33.62 aq:31.63 tex:254048 mv:51722 misc:3806 imb:371 pmb:6639 smb:1150 d:s ref:0 ;
in:145 out:145 type:B dur:2 cpbdur:2 q:33.58 aq:33.67 tex:65373 mv:33906 misc:7481 imb:40 pmb:3871 smb:4249 d:s ref:0 ;
in:144 out:146 type:b dur:2 cpbdur:2 q:33.56 aq:35.92 tex:27669 mv:17376 misc:6395 imb:8 pmb:2298 smb:5854 d:s ref:0 ;
in:146 out:147 type:b dur:2 cpbdur:2 q:33.60 aq:35.69 tex:37419 mv:21177 misc:6908 imb:18 pmb:2607 smb:5535 d:- ref:0 ;
in:151 out:148 type:P dur:2 cpbdur:2 q:33.59 aq:31.85 tex:361611 mv:64594 misc:1915 imb:821 pmb:7057 smb:282 d:s ref:0 ;
in:149 out:149 type:B dur:2 cpbdur:2 q:33.60 aq:34.62 tex:82949 mv:42359 misc:7372 imb:71 pmb:4366 smb:3723 d:s ref:0 ;
in:148 out:150 type:b dur:2 cpbdur:2 q:33.61 aq:35.97 tex:39581 mv:22511 misc:6700 imb:16 pmb:2713 smb:5431 d:s ref:0 ;
in:150 out:151 type:b dur:2 cpbdur:2 q:33.60 aq:35.46 tex:58500 mv:28060 misc:7912 imb:43 pmb:3849 smb:4268 d:- ref:0 ;
in:152 out:152 type:P dur:2 cpbdur:2 q:33.70 aq:32.25 tex:195398 mv:40511 misc:4915 imb:203 pmb:6498 smb:1459 d:s ref:0 ;
in:153 out:153 type:P dur:2 cpbdur:2 q:33.71 aq:32.20 tex:130312 mv:34899 misc:6165 imb:168 pmb:5762 smb:2230 d:s ref:0 ;
in:154 out:154 type:P dur:2 cpbdur:2 q:33.93 aq:32.79 tex:157193 mv:37572 misc:5779 imb:192 pmb:5914 smb:2054 d:s ref:0 ;
in:155 out:155 type:P dur:2 cpbdur:2 q:33.97 aq:32.58 tex:155500 mv:41906 misc:5450 imb:291 pmb:5942 smb:1927 d:s ref:0 ;
in:156 out:156 type:P dur:2 cpbdur:2 q:34.03 aq:32.83 tex:162297 mv:38956 misc:5563 imb:241 pmb:5844 smb:2075 d:s ref:0 ;
in:157 out:157 type:P dur:2 cpbdur:2 q:34.04 aq:32.65 tex:159090 mv:43007 misc:5503 imb:293 pmb:5919 smb:1948 d:s ref:0 ;
in:158 out:158 type:P dur:2 cpbdur:2 q:34.17 aq:32.97 tex:167465 mv:40842 misc:5413 imb:223 pmb:5955 smb:1982 d:s ref:0 ;
in:159 out:159 type:P dur:2 cpbdur:2 q:34.22 aq:32.77 tex:155273 mv:43867 misc:5252 imb:298 pmb:5990 smb:1872 d:s ref:0 ;
in:160 out:160 type:P dur:2 cpbdur:2 q:34.30 aq:33.06 tex:158269 mv:40078 misc:5461 imb:216 pmb:5922 smb:2022 d:s ref:0 ;
in:161 out:161 type:P dur:2 cpbdur:2 q:34.36 aq:32.94 tex:141097 mv:40952 misc:5759 imb:386 pmb:5650 smb:2124 d:s ref:0 ;
in:162 out:162 type:P dur:2 cpbdur:2 q:34.44 aq:33.14 tex:165808 mv:41796 misc:5188 imb:354 pmb:5954 smb:1852 d:s ref:0 ;
in:163 out:163 type:P dur:2 cpbdur:2 q:34.51 aq:32.92 tex:133440 mv:42664 misc:5320 imb:257 pmb:5884 smb:2019 d:s ref:0 ;
in:164 out:164 type:P dur:2 cpbdur:2 q:34.60 aq:33.25 tex:148168 mv:41331 misc:5109 imb:217 pmb:6136 smb:1807 d:s ref:0 ;
in:165 out:165 type:P dur:2 cpbdur:2 q:34.68 aq:33.22 tex:125911 mv:44244 misc:5333 imb:256 pmb:6051 smb:1853 d:s ref:0 ;
in:166 out:166 type:P dur:2 cpbdur:2 q:34.76 aq:33.51 tex:157191 mv:42690 misc:5263 imb:243 pmb:6057 smb:1860 d:s ref:0 ;
in:167 out:167 type:P dur:2 cpbdur:2 q:34.83 aq:33.11 tex:144083 mv:46343 misc:4982 imb:340 pmb:6001 smb:1819 d:s ref:0 ;
in:168 out:168 type:P dur:2 cpbdur:2 q:34.94 aq:33.26 tex:175137 mv:47203 misc:4748 imb:296 pmb:6307 smb:1557 d:s ref:0 ;
in:171 out:169 type:P dur:2 cpbdur:2 q:35.00 aq:32.32 tex:380644 mv:68826 misc:3474 imb:1095 pmb:6056 smb:1009 d:s ref:0 ;
in:169 out:170 type:B dur:2 cpbdur:2 q:34.96 aq:35.84 tex:42438 mv:48664 misc:6994 imb:84 pmb:4004 smb:4072 d:s ref:0 ;
in:170 out:171 type:b dur:2 cpbdur:2 q:34.98 aq:36.96 tex:35419 mv:37974 misc:6927 imb:36 pmb:3622 smb:4502 d:- ref:0 ;
in:172 out:172 type:P dur:2 cpbdur:2 q:35.25 aq:32.53 tex:170412 mv:39114 misc:5346 imb:172 pmb:6016 smb:1972 d:s ref:0 ;
in:173 out:173 type:P dur:2 cpbdur:2 q:35.31 aq:31.74 tex:194790 mv:43514 misc:4784 imb:263 pmb:6216 smb:1681 d:s ref:0 ;
in:174 out:174 type:P dur:2 cpbdur:2 q:35.42 aq:31.60 tex:226993 mv:41612 misc:4643 imb:201 pmb:6334 smb:1625 d:s ref:0 ;
in:175 out:175 type:P dur:2 cpbdur:2 q:35.67 aq:30.96 tex:190062 mv:35678 misc:5388 imb:199 pmb:6043 smb:1918 d:s ref:0 ;
in:179 out:176 type:P dur:2 cpbdur:2 q:35.69 aq:30.84 tex:288099 mv:45468 misc:4113 imb:301 pmb:6635 smb:1224 d:s ref:0 ;
in:177 out:177 type:B dur:2 cpbdur:2 q:35.68 aq:35.51 tex:35094 mv:18655 misc:7371 imb:18 pmb:2890 smb:5252 d:s ref:0 ;
in:176 out:178 type:b dur:2 cpbdur:2 q:35.67 aq:37.97 tex:6050 mv:11730 misc:4924 imb:9 pmb:1427 smb:6724 d:s ref:0 ;
in:178 out:179 type:b dur:2 cpbdur:2 q:35.68 aq:37.13 tex:800 mv:3413 misc:4155 imb:0 pmb:1066 smb:7094 d:- ref:0 ;
in:183 out:180 type:P dur:2 cpbdur:2 q:35.93 aq:31.65 tex:143011 mv:26930 misc:6571 imb:109 pmb:5395 smb:2656 d:s ref:0 ;
in:181 out:181 type:B dur:2 cpbdur:2 q:35.81 aq:36.34 tex:1186 mv:2155 misc:3459 imb:0 pmb:886 smb:7274 d:s ref:0 ;
in:180 out:182 type:b dur:2 cpbdur:2 q:35.75 aq:41.21 tex:170 mv:141 misc:449 imb:0 pmb:15 smb:8145 d:s ref:0 ;
in:182 out:183 type:b dur:2 cpbdur:2 q:35.87 aq:38.93 tex:241 mv:832 misc:2303 imb:2 pmb:524 smb:7634 d:- ref:0 ;
in:187 out:184 type:P dur:2 cpbdur:2 q:36.02 aq:32.12 tex:160970 mv:28017 misc:6165 imb:161 pmb:5391 smb:2608 d:s ref:0 ;
in:185 out:185 type:B dur:2 cpbdur:2 q:35.98 aq:33.74 tex:3707 mv:2788 misc:3137 imb:16 pmb:794 smb:7350 d:s ref:0 ;
in:184 out:186 type:b dur:2 cpbdur:2 q:35.95 aq:39.48 tex:623 mv:1514 misc:3079 imb:0 pmb:749 smb:7411 d:s ref:0 ;
in:186 out:187 type:b dur:2 cpbdur:2 q:36.00 aq:37.48 tex:167 mv:166 misc:507 imb:0 pmb:20 smb:8140 d:- ref:0 ;
in:188 out:188 type:P dur:2 cpbdur:2 q:35.81 aq:30.88 tex:208710 mv:31830 misc:5556 imb:169 pmb:6087 smb:1904 d:s ref:0 ;
in:189 out:189 type:P dur:2 cpbdur:2 q:35.78 aq:31.01 tex:24196 mv:3734 misc:4678 imb:15 pmb:1129 smb:7016 d:s ref:0 ;
in:190 out:190 type:P dur:2 cpbdur:2 q:35.78 aq:31.05 tex:24975 mv:1337 misc:2360 imb:2 pmb:471 smb:7687 d:s ref:0 ;
in:194 out:191 type:P dur:2 cpbdur:2 q:35.68 aq:31.40 tex:212771 mv:34535 misc:5214 imb:168 pmb:6035 smb:1957 d:s ref:0 ;
in:192 out:192 type:B dur:2 cpbdur:2 q:35.73 aq:35.97 tex:13706 mv:11047 misc:4919 imb:10 pmb:1399 smb:6751 d:t ref:0 ;
in:191 out:193 type:b dur:2 cpbdur:2 q:35.75 aq:40.06 tex:193 mv:1506 misc:1397 imb:0 pmb:289 smb:7871 d:s ref:0 ;
in:193 out:194 type:b dur:2 cpbdur:2 q:35.70 aq:36.69 tex:77 mv:478 misc:1573 imb:0 pmb:353 smb:7807 d:- ref:0 ;
in:198 out:195 type:P dur:2 cpbdur:2 q:35.57 aq:31.27 tex:215940 mv:36759 misc:4797 imb:216 pmb:6322 smb:1622 d:s ref:0 ;
in:196 out:196 type:B dur:2 cpbdur:2 q:35.62 aq:35.91 tex:19837 mv:11908 misc:5911 imb:5 pmb:1781 smb:6374 d:t ref:0 ;
in:195 out:197 type:b dur:2 cpbdur:2 q:35.65 aq:35.72 tex:571 mv:2780 misc:3833 imb:0 pmb:928 smb:7232 d:s ref:0 ;
in:197 out:198 type:b dur:2 cpbdur:2 q:35.59 aq:36.71 tex:644 mv:4239 misc:3965 imb:1 pmb:984 smb:7175 d:- ref:0 ;
in:202 out:199 type:P dur:2 cpbdur:2 q:35.48 aq:31.29 tex:230605 mv:36550 misc:4853 imb:317 pmb:6248 smb:1595 d:s ref:0 ;
in:200 out:200 type:B dur:2 cpbdur:2 q:35.52 aq:36.00 tex:21403 mv:13054 misc:6007 imb:15 pmb:1899 smb:6246 d:t ref:0 ;
in:199 out:201 type:b dur:2 cpbdur:2 q:35.55 aq:38.24 tex:488 mv:1582 misc:3202 imb:0 pmb:738 smb:7422 d:s ref:0 ;
in:201 out:202 type:b dur:2 cpbdur:2 q:35.50 aq:36.41 tex:3064 mv:5745 misc:3871 imb:6 pmb:1018 smb:7136 d:- ref:0 ;
in:206 out:203 type:P dur:2 cpbdur:2 q:35.38 aq:31.19 tex:216558 mv:36493 misc:5101 imb:306 pmb:6187 smb:1667 d:s ref:0 ;
in:204 out:204 type:B dur:2 cpbdur:2 q:35.43 aq:35.57 tex:27073 mv:13597 misc:6394 imb:16 pmb:2116 smb:6028 d:t ref:0 ;
in:203 out:205 type:b dur:2 cpbdur:2 q:35.45 aq:35.31 tex:2259 mv:2679 misc:3126 imb:3 pmb:870 smb:7287 d:s ref:0 ;
in:205 out:206 type:b dur:2 cpbdur:2 q:35.40 aq:36.53 tex:688 mv:3154 misc:3278 imb:2 pmb:802 smb:7356 d:- ref:0 ;
in:210 out:207 type:P dur:2 cpbdur:2 q:35.25 aq:31.57 tex:203184 mv:36293 misc:5291 imb:217 pmb:6194 smb:1749 d:s ref:0 ;
in:208 out:208 type:B dur:2 cpbdur:2 q:35.31 aq:37.53 tex:13655 mv:10906 misc:5119 imb:18 pmb:1435 smb:6707 d:t ref:0 ;
in:207 out:209 type:b dur:2 cpbdur:2 q:35.35 aq:36.80 tex:1178 mv:2639 misc:3911 imb:2 pmb:951 smb:7207 d:s ref:0 ;
in:209 out:210 type:b dur:2 cpbdur:2 q:35.28 aq:35.42 tex:564 mv:1927 misc:2901 imb:0 pmb:683 smb:7477 d:- ref:0 ;
in:212 out:211 type:P dur:2 cpbdur:2 q:35.18 aq:30.99 tex:236023 mv:37462 misc:5035 imb:182 pmb:6374 smb:1604 d:s ref:0 ;
in:211 out:212 type:b dur:2 cpbdur:2 q:35.22 aq:37.37 tex:5928 mv:9099 misc:4285 imb:6 pmb:1118 smb:7036 d:t ref:0 ;
in:216 out:213 type:P dur:2 cpbdur:2 q:35.21 aq:31.44 tex:194115 mv:35147 misc:5362 imb:166 pmb:6106 smb:1888 d:s ref:0 ;
in:214 out:214 type:B dur:2 cpbdur:2 q:35.20 aq:37.52 tex:12504 mv:11406 misc:5170 imb:11 pmb:1454 smb:6695 d:t ref:0 ;
in:213 out:215 type:b dur:2 cpbdur:2 q:35.19 aq:36.26 tex:556 mv:2394 misc:3538 imb:3 pmb:861 smb:7296 d:s ref:0 ;
in:215 out:216 type:b dur:2 cpbdur:2 q:35.20 aq:35.09 tex:474 mv:1576 misc:2902 imb:2 pmb:661 smb:7497 d:- ref:0 ;
in:220 out:217 type:P dur:2 cpbdur:2 q:35.07 aq:31.46 tex:218048 mv:40393 misc:4655 imb:209 pmb:6396 smb:1555 d:s ref:0 ;
in:218 out:218 type:B dur:2 cpbdur:2 q:35.14 aq:36.60 tex:17217 mv:14563 misc:6236 imb:9 pmb:1994 smb:6157 d:s ref:0 ;
in:217 out:219 type:b dur:2 cpbdur:2 q:35.17 aq:37.11 tex:7722 mv:10823 misc:4799 imb:10 pmb:1252 smb:6898 d:s ref:0 ;
in:219 out:220 type:b dur:2 cpbdur:2 q:35.11 aq:33.93 tex:298 mv:500 misc:1498 imb:2 pmb:295 smb:7863 d:- ref:0 ;
in:224 out:221 type:P dur:2 cpbdur:2 q:34.99 aq:31.49 tex:240890 mv:43330 misc:4540 imb:254 pmb:6355 smb:1551 d:s ref:0 ;
in:222 out:222 type:B dur:2 cpbdur:2 q:35.03 aq:35.73 tex:34744 mv:18879 misc:6793 imb:29 pmb:2514 smb:5617 d:t ref:0 ;
in:221 out:223 type:b dur:2 cpbdur:2 q:35.05 aq:37.71 tex:5796 mv:9530 misc:4210 imb:10 pmb:1062 smb:7088 d:s ref:0 ;
in:223 out:224 type:b dur:2 cpbdur:2 q:35.01 aq:37.72 tex:7858 mv:10111 misc:4471 imb:14 pmb:1194 smb:6952 d:- ref:0 ;
in:228 out:225 type:P dur:2 cpbdur:2 q:34.91 aq:31.54 tex:220954 mv:41401 misc:4797 imb:239 pmb:6354 smb:1567 d:s ref:0 ;
in:226 out:226 type:B dur:2 cpbdur:2 q:34.95 aq:34.65 tex:56132 mv:21669 misc:7359 imb:30 pmb:3207 smb:4923 d:s ref:0 ;
in:225 out:227 type:b dur:2 cpbdur:2 q:34.97 aq:35.43 tex:203 mv:527 misc:942 imb:0 pmb:122 smb:8038 d:s ref:0 ;
in:227 out:228 type:b dur:2 cpbdur:2 q:34.93 aq:37.36 tex:7894 mv:10357 misc:4597 imb:16 pmb:1208 smb:6936 d:- ref:0 ;
in:232 out:229 type:P dur:2 cpbdur:2 q:34.83 aq:31.90 tex:220311 mv:43317 misc:4844 imb:322 pmb:6207 smb:1631 d:s ref:0 ;
in:230 out:230 type:B dur:2 cpbdur:2 q:34.87 aq:35.29 tex:46381 mv:21167 misc:7124 imb:22 pmb:3037 smb:5101 d:t ref:0 ;
in:229 out:231 type:b dur:2 cpbdur:2 q:34.89 aq:37.03 tex:8263 mv:10071 misc:4722 imb:4 pmb:1259 smb:6897 d:s ref:0 ;
in:231 out:232 type:b dur:2 cpbdur:2 q:34.85 aq:37.17 tex:9403 mv:10459 misc:4514 imb:8 pmb:1267 smb:6885 d:- ref:0 ;
in:236 out:233 type:P dur:2 cpbdur:2 q:34.75 aq:32.42 tex:221737 mv:41993 misc:4998 imb:261 pmb:6068 smb:1831 d:s ref:0 ;
in:234 out:234 type:B dur:2 cpbdur:2 q:34.79 aq:35.30 tex:50161 mv:21921 misc:7166 imb:28 pmb:3101 smb:5031 d:t ref:0 ;
in:233 out:235 type:b dur:2 cpbdur:2 q:34.81 aq:37.00 tex:10392 mv:11642 misc:4750 imb:9 pmb:1356 smb:6795 d:s ref:0 ;
in:235 out:236 type:b dur:2 cpbdur:2 q:34.77 aq:37.53 tex:11708 mv:11856 misc:5052 imb:12 pmb:1437 smb:6711 d:- ref:0 ;
in:240 out:237 type:P dur:2 cpbdur:2 q:34.74 aq:33.71 tex:158677 mv:40274 misc:5361 imb:231 pmb:5648 smb:2281 d:s ref:0 ;
in:238 out:238 type:B dur:2 cpbdur:2 q:34.74 aq:35.24 tex:50254 mv:22190 misc:7332 imb:37 pmb:3191 smb:4932 d:t ref:0 ;
in:237 out:239 type:b dur:2 cpbdur:2 q:34.75 aq:37.39 tex:9709 mv:12188 misc:4927 imb:9 pmb:1394 smb:6757 d:s ref:0 ;
in:239 out:240 type:b dur:2 cpbdur:2 q:34.74 aq:36.67 tex:14995 mv:12059 misc:5626 imb:13 pmb:1659 smb:6488 d:- ref:0 ;
in:242 out:241 type:P dur:2 cpbdur:2 q:34.70 aq:34.03 tex:235012 mv:51308 misc:2344 imb:1515 pmb:6344 smb:301 d:s ref:0 w:6,67,5,6,69,-10,64,0 ;
in:241 out:242 type:b dur:2 cpbdur:2 q:34.72 aq:37.11 tex:18628 mv:13860 misc:6768 imb:23 pmb:2209 smb:5928 d:s ref:0 ;
in:243 out:243 type:P dur:2 cpbdur:2 q:34.70 aq:34.36 tex:242858 mv:48050 misc:1676 imb:1442 pmb:6536 smb:182 d:s ref:0 w:6,67,6,6,70,-12,65,-2 ;
in:245 out:244 type:P dur:2 cpbdur:2 q:34.71 aq:36.18 tex:286336 mv:57618 misc:1262 imb:2595 pmb:5476 smb:89 d:s ref:0 w:6,71,5,5,37,-20,32,0 ;
in:244 out:245 type:b dur:2 cpbdur:2 q:34.71 aq:37.02 tex:83945 mv:19257 misc:7670 imb:57 pmb:4124 smb:3979 d:s ref:0 ;
in:246 out:246 type:I dur:2 cpbdur:2 q:32.01 aq:27.51 tex:430809 mv:184555 misc:660 imb:8160 pmb:0 smb:0 d:s ref:;
in:247 out:247 type:P dur:2 cpbdur:2 q:34.90 aq:29.80 tex:76842 mv:35987 misc:4835 imb:3344 pmb:3383 smb:1433 d:s ref:0 w:7,125,-8,7,119,9,125,4 ;
in:250 out:248 type:P dur:2 cpbdur:2 q:34.86 aq:30.08 tex:340131 mv:60802 misc:723 imb:5110 pmb:3043 smb:7 d:s ref:0 w:6,57,-15,5,23,35,25,29 ;
in:248 out:249 type:B dur:2 cpbdur:2 q:34.89 aq:32.25 tex:71382 mv:29533 misc:6525 imb:716 pmb:3470 smb:3974 d:s ref:0 ;
in:249 out:250 type:b dur:2 cpbdur:2 q:34.88 aq:33.34 tex:11223 mv:12424 misc:5073 imb:161 pmb:1238 smb:6761 d:- ref:0 ;
in:253 out:251 type:P dur:2 cpbdur:2 q:35.12 aq:28.91 tex:217698 mv:58240 misc:2638 imb:2861 pmb:4702 smb:597 d:s ref:0 w:7,119,1,7,107,20,111,18 ;
in:251 out:252 type:B dur:2 cpbdur:2 q:34.95 aq:33.08 tex:11062 mv:12601 misc:5625 imb:90 pmb:1557 smb:6513 d:s ref:0 ;
in:252 out:253 type:b dur:2 cpbdur:2 q:35.04 aq:34.43 tex:3444 mv:6880 misc:3796 imb:17 pmb:849 smb:7294 d:- ref:0 ;
in:257 out:254 type:P dur:2 cpbdur:2 q:35.38 aq:29.61 tex:100837 mv:32633 misc:6042 imb:552 pmb:4075 smb:3533 d:s ref:0 ;
in:255 out:255 type:B dur:2 cpbdur:2 q:35.25 aq:33.23 tex:8674 mv:12261 misc:4841 imb:61 pmb:1304 smb:6795 d:t ref:0 ;
in:254 out:256 type:b dur:2 cpbdur:2 q:35.18 aq:34.21 tex:2528 mv:7385 misc:3783 imb:7 pmb:865 smb:7288 d:s ref:0 ;
in:256 out:257 type:b dur:2 cpbdur:2 q:35.31 aq:33.61 tex:2681 mv:5264 misc:3143 imb:13 pmb:649 smb:7498 d:- ref:0 ;
in:261 out:258 type:P dur:2 cpbdur:2 q:35.34 aq:29.65 tex:103537 mv:32375 misc:6536 imb:648 pmb:3929 smb:3583 d:s ref:0 ;
in:259 out:259 type:B dur:2 cpbdur:2 q:35.36 aq:32.32 tex:7971 mv:10109 misc:4472 imb:52 pmb:1089 smb:7019 d:t ref:0 ;
in:258 out:260 type:b dur:2 cpbdur:2 q:35.37 aq:33.91 tex:2481 mv:6372 misc:3363 imb:15 pmb:754 smb:7391 d:s ref:0 ;
in:260 out:261 type:b dur:2 cpbdur:2 q:35.35 aq:33.37 tex:2113 mv:5145 misc:3038 imb:20 pmb:630 smb:7510 d:- ref:0 ;
in:265 out:262 type:P dur:2 cpbdur:2 q:35.13 aq:29.51 tex:74631 mv:30129 misc:7080 imb:681 pmb:3690 smb:3789 d:s ref:0 ;
in:263 out:263 type:B dur:2 cpbdur:2 q:35.23 aq:32.76 tex:7426 mv:10670 misc:4584 imb:59 pmb:1158 smb:6943 d:t ref:0 ;
in:262 out:264 type:b dur:2 cpbdur:2 q:35.28 aq:33.70 tex:1857 mv:8800 misc:3879 imb:18 pmb:935 smb:7207 d:s ref:0 ;
in:264 out:265 type:b dur:2 cpbdur:2 q:35.18 aq:33.72 tex:2035 mv:5615 misc:3022 imb:21 pmb:635 smb:7504 d:- ref:0 ;
in:269 out:266 type:P dur:2 cpbdur:2 q:34.93 aq:29.76 tex:74839 mv:30417 misc:7264 imb:712 pmb:3495 smb:3953 d:s ref:0 ;
in:267 out:267 type:B dur:2 cpbdur:2 q:35.03 aq:32.92 tex:9327 mv:12761 misc:4832 imb:75 pmb:1297 smb:6788 d:s ref:0 ;
in:266 out:268 type:b dur:2 cpbdur:2 q:35.08 aq:33.89 tex:3203 mv:8167 misc:3878 imb:38 pmb:897 smb:7225 d:s ref:0 ;
in:268 out:269 type:b dur:2 cpbdur:2 q:34.98 aq:33.79 tex:2789 mv:6151 misc:3092 imb:28 pmb:688 smb:7444 d:- ref:0 ;
in:273 out:270 type:P dur:2 cpbdur:2 q:34.73 aq:30.20 tex:80248 mv:30873 misc:7199 imb:759 pmb:3423 smb:3978 d:s ref:0 ;
in:271 out:271 type:B dur:2 cpbdur:2 q:34.83 aq:32.36 tex:8825 mv:13266 misc:5037 imb:68 pmb:1388 smb:6704 d:t ref:0 ;
in:270 out:272 type:b dur:2 cpbdur:2 q:34.88 aq:33.43 tex:3290 mv:8285 misc:3777 imb:33 pmb:912 smb:7215 d:s ref:0 ;
in:272 out:273 type:b dur:2 cpbdur:2 q:34.78 aq:33.76 tex:3831 mv:7529 misc:3584 imb:37 pmb:826 smb:7297 d:- ref:0 ;
in:277 out:274 type:P dur:2 cpbdur:2 q:34.55 aq:31.87 tex:38292 mv:22291 misc:6897 imb:548 pmb:2341 smb:5271 d:s ref:0 ;
in:275 out:275 type:B dur:2 cpbdur:2 q:34.64 aq:32.04 tex:11734 mv:13694 misc:5556 imb:102 pmb:1580 smb:6478 d:t ref:0 ;
in:274 out:276 type:b dur:2 cpbdur:2 q:34.68 aq:34.15 tex:3303 mv:8440 misc:3809 imb:34 pmb:920 smb:7206 d:s ref:0 ;
in:276 out:277 type:b dur:2 cpbdur:2 q:34.59 aq:32.91 tex:4955 mv:7520 misc:3557 imb:52 pmb:800 smb:7308 d:- ref:0 ;
in:278 out:278 type:P dur:2 cpbdur:2 q:34.32 aq:31.25 tex:114792 mv:51837 misc:3747 imb:3302 pmb:4086 smb:772 d:s ref:0 w:6,67,4,3,9,-16,8,0 ;
in:280 out:279 type:P dur:2 cpbdur:2 q:34.29 aq:31.48 tex:209242 mv:59292 misc:1210 imb:4408 pmb:3664 smb:88 d:s ref:0 w:5,35,9,6,85,-41,81,-35 ;
in:279 out:280 type:b dur:2 cpbdur:2 q:34.30 aq:33.14 tex:10626 mv:9111 misc:3623 imb:210 pmb:739 smb:7211 d:s ref:0 ;
in:282 out:281 type:P dur:2 cpbdur:2 q:34.23 aq:29.73 tex:484202 mv:65499 misc:763 imb:6541 pmb:1584 smb:35 d:s ref:0 ;
in:281 out:282 type:b dur:2 cpbdur:2 q:34.26 aq:32.52 tex:107628 mv:48321 misc:5019 imb:1565 pmb:3638 smb:2957 d:s ref:0 ;
in:284 out:283 type:P dur:2 cpbdur:2 q:34.19 aq:30.65 tex:227054 mv:58289 misc:1001 imb:4161 pmb:3928 smb:71 d:s ref:0 w:6,61,-18,7,112,16,119,10 ;
in:283 out:284 type:b dur:2 cpbdur:2 q:34.21 aq:31.39 tex:8527 mv:5735 misc:3498 imb:96 pmb:834 smb:7230 d:s ref:0 ;
in:287 out:285 type:P dur:2 cpbdur:2 q:34.31 aq:28.66 tex:406231 mv:66959 misc:738 imb:4888 pmb:3257 smb:15 d:s ref:0 w:7,105,-2,7,83,44,88,41 ;
in:285 out:286 type:B dur:2 cpbdur:2 q:34.23 aq:32.50 tex:24193 mv:13683 misc:6044 imb:217 pmb:1740 smb:6203 d:s ref:0 ;
in:286 out:287 type:b dur:2 cpbdur:2 q:34.27 aq:33.56 tex:30223 mv:18512 misc:7025 imb:463 pmb:2272 smb:5425 d:- ref:0 ;
in:291 out:288 type:P dur:2 cpbdur:2 q:34.59 aq:29.09 tex:80881 mv:28711 misc:6632 imb:558 pmb:3560 smb:4042 d:s ref:0 ;
in:289 out:289 type:B dur:2 cpbdur:2 q:34.45 aq:32.47 tex:15006 mv:12315 misc:4655 imb:169 pmb:1225 smb:6766 d:s ref:0 ;
in:288 out:290 type:b dur:2 cpbdur:2 q:34.38 aq:32.94 tex:6415 mv:6876 misc:3669 imb:16 pmb:902 smb:7242 d:s ref:0 ;
in:290 out:291 type:b dur:2 cpbdur:2 q:34.52 aq:34.38 tex:2057 mv:4581 misc:2826 imb:11 pmb:583 smb:7566 d:- ref:0 ;
in:295 out:292 type:P dur:2 cpbdur:2 q:34.71 aq:29.71 tex:75906 mv:26908 misc:6546 imb:323 pmb:3465 smb:4372 d:s ref:0 ;
in:293 out:293 type:B dur:2 cpbdur:2 q:34.65 aq:32.82 tex:7081 mv:8210 misc:3869 imb:38 pmb:870 smb:7252 d:s ref:0 ;
in:292 out:294 type:b dur:2 cpbdur:2 q:34.62 aq:33.55 tex:1613 mv:3176 misc:2259 imb:3 pmb:389 smb:7768 d:s ref:0 ;
in:294 out:295 type:b dur:2 cpbdur:2 q:34.68 aq:34.29 tex:1341 mv:3700 misc:2423 imb:7 pmb:432 smb:7721 d:- ref:0 ;
in:299 out:296 type:P dur:2 cpbdur:2 q:34.53 aq:30.02 tex:83553 mv:25559 misc:6344 imb:300 pmb:3405 smb:4455 d:s ref:0 ;
in:297 out:297 type:B dur:2 cpbdur:2 q:34.62 aq:32.45 tex:6706 mv:9460 misc:4442 imb:45 pmb:1043 smb:7072 d:s ref:0 ;
in:296 out:298 type:b dur:2 cpbdur:2 q:34.66 aq:33.66 tex:2335 mv:9647 misc:4210 imb:18 pmb:1377 smb:6765 d:s ref:0 ;
in:298 out:299 type:b dur:2 cpbdur:2 q:34.57 aq:34.17 tex:3156 mv:4251 misc:2585 imb:26 pmb:484 smb:7650 d:- ref:0 ;
in:303 out:300 type:P dur:2 cpbdur:2 q:34.31 aq:28.47 tex:138947 mv:45350 misc:4911 imb:1396 pmb:5171 smb:1593 d:s ref:0 ;
in:301 out:301 type:B dur:2 cpbdur:2 q:34.42 aq:30.90 tex:13989 mv:13731 misc:6880 imb:74 pmb:2112 smb:5974 d:s ref:0 ;
in:300 out:302 type:b dur:2 cpbdur:2 q:34.47 aq:32.45 tex:6636 mv:9416 misc:5364 imb:80 pmb:1318 smb:6762 d:s ref:0 ;
in:302 out:303 type:b dur:2 cpbdur:2 q:34.37 aq:32.88 tex:2421 mv:4785 misc:3634 imb:19 pmb:761 smb:7380 d:- ref:0 ;
in:307 out:304 type:P dur:2 cpbdur:2 q:34.14 aq:28.72 tex:80230 mv:28699 misc:7303 imb:464 pmb:3848 smb:3848 d:s ref:0 ;
in:305 out:305 type:B dur:2 cpbdur:2 q:34.23 aq:31.65 tex:7259 mv:9700 misc:4881 imb:51 pmb:1209 smb:6900 d:s ref:0 ;
in:304 out:306 type:b dur:2 cpbdur:2 q:34.27 aq:33.68 tex:2167 mv:5328 misc:3305 imb:13 pmb:680 smb:7467 d:s ref:0 ;
in:306 out:307 type:b dur:2 cpbdur:2 q:34.19 aq:32.51 tex:2346 mv:4678 misc:3152 imb:12 pmb:619 smb:7529 d:- ref:0 ;
in:311 out:308 type:P dur:2 cpbdur:2 q:33.99 aq:28.82 tex:59268 mv:26275 misc:7593 imb:456 pmb:3381 smb:4323 d:s ref:0 ;
in:309 out:309 type:B dur:2 cpbdur:2 q:34.07 aq:31.37 tex:8627 mv:10011 misc:4994 imb:46 pmb:1236 smb:6878 d:s ref:0 ;
in:308 out:310 type:b dur:2 cpbdur:2 q:34.11 aq:32.71 tex:2503 mv:5347 misc:3558 imb:23 pmb:731 smb:7406 d:s ref:0 ;
in:310 out:311 type:b dur:2 cpbdur:2 q:34.03 aq:33.46 tex:2777 mv:4094 misc:2937 imb:12 pmb:554 smb:7594 d:- ref:0 ;
in:315 out:312 type:P dur:2 cpbdur:2 q:33.79 aq:29.66 tex:41329 mv:21796 misc:7299 imb:413 pmb:2654 smb:5093 d:s ref:0 ;
in:313 out:313 type:B dur:2 cpbdur:2 q:33.89 aq:31.67 tex:8433 mv:9398 misc:4809 imb:48 pmb:1187 smb:6925 d:s ref:0 ;
in:312 out:314 type:b dur:2 cpbdur:2 q:33.94 aq:32.48 tex:2496 mv:7214 misc:3706 imb:14 pmb:923 smb:7223 d:s ref:0 ;
in:314 out:315 type:b dur:2 cpbdur:2 q:33.84 aq:33.09 tex:2295 mv:4596 misc:3077 imb:20 pmb:601 smb:7539 d:- ref:0 ;
in:319 out:316 type:P dur:2 cpbdur:2 q:33.59 aq:30.68 tex:206872 mv:59649 misc:999 imb:4526 pmb:3586 smb:48 d:s ref:0 w:5,35,12,6,84,-39,77,-27 ;
in:317 out:317 type:B dur:2 cpbdur:2 q:33.69 aq:31.21 tex:19519 mv:13627 misc:5990 imb:234 pmb:1550 smb:6376 d:s ref:0 ;
in:316 out:318 type:b dur:2 cpbdur:2 q:33.74 aq:32.26 tex:3888 mv:6332 misc:3660 imb:58 pmb:768 smb:7334 d:s ref:0 ;
in:318 out:319 type:b dur:2 cpbdur:2 q:33.64 aq:31.67 tex:16166 mv:8357 misc:4797 imb:245 pmb:1040 smb:6875 d:- ref:0 ;
in:320 out:320 type:P dur:2 cpbdur:2 q:33.41 aq:30.59 tex:149528 mv:50554 misc:2630 imb:3137 pmb:4539 smb:484 d:s ref:0 w:6,67,5,6,73,-18,71,-15 ;
in:321 out:321 type:P dur:2 cpbdur:2 q:33.37 aq:30.37 tex:109427 mv:45405 misc:3760 imb:3724 pmb:3574 smb:862 d:s ref:0 w:6,67,3,6,71,-13,69,-10 ;
in:322 out:322 type:I dur:2 cpbdur:2 q:31.21 aq:27.65 tex:311477 mv:125246 misc:669 imb:8160 pmb:0 smb:0 d:s ref:w:6,67,3,6,71,-13,69,-10 ;
in:326 out:323 type:P dur:2 cpbdur:2 q:33.49 aq:29.49 tex:200698 mv:48429 misc:609 imb:7740 pmb:406 smb:14 d:s ref:0 ;
in:324 out:324 type:B dur:2 cpbdur:2 q:33.49 aq:29.88 tex:134777 mv:51195 misc:3236 imb:3471 pmb:3578 smb:1111 d:s ref:0 ;
in:323 out:325 type:b dur:2 cpbdur:2 q:33.49 aq:29.94 tex:5371 mv:1857 misc:2500 imb:75 pmb:397 smb:7688 d:s ref:0 ;
in:325 out:326 type:b dur:2 cpbdur:2 q:33.49 aq:30.53 tex:16901 mv:12339 misc:4864 imb:251 pmb:1227 smb:6682 d:- ref:0 ;
in:327 out:327 type:P dur:2 cpbdur:2 q:33.46 aq:27.05 tex:89257 mv:46343 misc:4712 imb:3451 pmb:3213 smb:1496 d:s ref:0 w:7,111,4,6,56,16,53,22 ;
in:331 out:328 type:P dur:2 cpbdur:2 q:33.56 aq:26.99 tex:29285 mv:23212 misc:7151 imb:1013 pmb:1939 smb:5208 d:s ref:0 ;
in:329 out:329 type:B dur:2 cpbdur:2 q:33.51 aq:27.81 tex:7106 mv:10615 misc:5535 imb:169 pmb:1326 smb:6665 d:s ref:0 ;
in:328 out:330 type:b dur:2 cpbdur:2 q:33.49 aq:29.15 tex:4082 mv:6717 misc:4409 imb:96 pmb:970 smb:7094 d:s ref:0 ;
in:330 out:331 type:b dur:2 cpbdur:2 q:33.53 aq:29.18 tex:2154 mv:3551 misc:2695 imb:34 pmb:505 smb:7621 d:- ref:0 ;
in:335 out:332 type:P dur:2 cpbdur:2 q:33.54 aq:27.47 tex:34857 mv:23446 misc:6865 imb:1132 pmb:1786 smb:5242 d:s ref:0 ;
in:333 out:333 type:B dur:2 cpbdur:2 q:33.55 aq:28.10 tex:4723 mv:6228 misc:4137 imb:85 pmb:812 smb:7263 d:s ref:0 ;
in:332 out:334 type:b dur:2 cpbdur:2 q:33.55 aq:28.35 tex:1694 mv:2057 misc:2729 imb:22 pmb:525 smb:7613 d:s ref:0 ;
in:334 out:335 type:b dur:2 cpbdur:2 q:33.54 aq:28.85 tex:3582 mv:5131 misc:3415 imb:68 pmb:650 smb:7442 d:- ref:0 ;
in:339 out:336 type:P dur:2 cpbdur:2 q:33.37 aq:26.98 tex:57932 mv:35250 misc:6706 imb:1983 pmb:2190 smb:3987 d:s ref:0 ;
in:337 out:337 type:B dur:2 cpbdur:2 q:33.45 aq:27.78 tex:22494 mv:16239 misc:5979 imb:259 pmb:1620 smb:6281 d:s ref:0 ;
in:336 out:338 type:b dur:2 cpbdur:2 q:33.49 aq:28.13 tex:3409 mv:5792 misc:4431 imb:98 pmb:994 smb:7068 d:s ref:0 ;
in:338 out:339 type:b dur:2 cpbdur:2 q:33.41 aq:28.72 tex:10629 mv:8612 misc:4223 imb:173 pmb:936 smb:7051 d:- ref:0 ;
in:343 out:340 type:P dur:2 cpbdur:2 q:33.13 aq:26.81 tex:48266 mv:27558 misc:7464 imb:1477 pmb:2044 smb:4639 d:s ref:0 ;
in:341 out:341 type:B dur:2 cpbdur:2 q:33.25 aq:26.80 tex:13824 mv:11251 misc:6021 imb:249 pmb:1474 smb:6437 d:s ref:0 ;
in:340 out:342 type:b dur:2 cpbdur:2 q:33.31 aq:28.97 tex:3010 mv:3951 misc:2983 imb:55 pmb:508 smb:7597 d:s ref:0 ;
in:342 out:343 type:b dur:2 cpbdur:2 q:33.19 aq:28.18 tex:3774 mv:1968 misc:2322 imb:26 pmb:394 smb:7740 d:- ref:0 ;
in:346 out:344 type:P dur:2 cpbdur:2 q:32.96 aq:25.97 tex:47178 mv:22550 misc:6584 imb:1779 pmb:1526 smb:4855 d:s ref:0 ;
in:344 out:345 type:B dur:2 cpbdur:2 q:33.08 aq:28.18 tex:11284 mv:7650 misc:4058 imb:136 pmb:865 smb:7159 d:s ref:0 ;
in:345 out:346 type:b dur:2 cpbdur:2 q:33.02 aq:30.04 tex:9759 mv:5983 misc:2922 imb:74 pmb:600 smb:7486 d:- ref:0 ;
in:347 out:347 type:P dur:2 cpbdur:2 q:32.83 aq:25.28 tex:42732 mv:10802 misc:3946 imb:956 pmb:600 smb:6604 d:s ref:0 ;
in:349 out:348 type:P dur:2 cpbdur:2 q:32.76 aq:21.83 tex:66556 mv:18704 misc:4092 imb:2521 pmb:914 smb:4725 d:s ref:0 ;
in:348 out:349 type:b dur:2 cpbdur:2 q:32.79 aq:28.88 tex:16901 mv:9309 misc:3022 imb:102 pmb:962 smb:7096 d:s ref:0 ;
in:353 out:350 type:P dur:2 cpbdur:2 q:32.67 aq:17.64 tex:80282 mv:15807 misc:2287 imb:3801 pmb:493 smb:3866 d:s ref:0 ;
in:351 out:351 type:B dur:2 cpbdur:2 q:32.71 aq:23.43 tex:24704 mv:8155 misc:3277 imb:200 pmb:867 smb:7093 d:s ref:0 ;
in:350 out:352 type:b dur:2 cpbdur:2 q:32.73 aq:24.82 tex:12384 mv:8520 misc:2704 imb:103 pmb:1065 smb:6992 d:s ref:0 ;
in:352 out:353 type:b dur:2 cpbdur:2 q:32.69 aq:28.78 tex:10836 mv:5703 misc:2253 imb:61 pmb:850 smb:7249 d:- ref:0 ;
in:355 out:354 type:P dur:2 cpbdur:2 q:32.50 aq:17.49 tex:28163 mv:6244 misc:2905 imb:973 pmb:532 smb:6655 d:s ref:0 ;
in:354 out:355 type:b dur:2 cpbdur:2 q:32.58 aq:27.12 tex:3649 mv:2582 misc:1225 imb:8 pmb:276 smb:7876 d:s ref:0 ;
in:359 out:356 type:P dur:2 cpbdur:2 q:32.43 aq:17.10 tex:17779 mv:3691 misc:2218 imb:205 pmb:375 smb:7580 d:s ref:0 ;
in:357 out:357 type:B dur:2 cpbdur:2 q:32.46 aq:26.83 tex:883 mv:1774 misc:1023 imb:6 pmb:191 smb:7963 d:t ref:0 ;
in:356 out:358 type:b dur:2 cpbdur:2 q:32.48 aq:24.48 tex:295 mv:444 misc:669 imb:7 pmb:51 smb:8102 d:s ref:0 ;
in:358 out:359 type:b dur:2 cpbdur:2 q:32.45 aq:27.99 tex:458 mv:626 misc:692 imb:2 pmb:82 smb:8076 d:- ref:0 ;
in:363 out:360 type:P dur:2 cpbdur:2 q:32.19 aq:17.51 tex:19364 mv:3263 misc:1781 imb:158 pmb:309 smb:7693 d:s ref:0 ;
in:361 out:361 type:B dur:2 cpbdur:2 q:32.31 aq:26.63 tex:1391 mv:1657 misc:920 imb:7 pmb:183 smb:7970 d:s ref:0 ;
in:360 out:362 type:b dur:2 cpbdur:2 q:32.37 aq:25.30 tex:228 mv:287 misc:581 imb:2 pmb:36 smb:8122 d:s ref:0 ;
in:362 out:363 type:b dur:2 cpbdur:2 q:32.25 aq:26.58 tex:459 mv:703 misc:718 imb:3 pmb:90 smb:8067 d:- ref:0 ;
in:367 out:364 type:P dur:2 cpbdur:2 q:31.95 aq:16.79 tex:23821 mv:3532 misc:1991 imb:193 pmb:331 smb:7636 d:s ref:0 ;
in:365 out:365 type:B dur:2 cpbdur:2 q:32.07 aq:23.80 tex:885 mv:1592 misc:979 imb:6 pmb:167 smb:7987 d:s ref:0 ;
in:364 out:366 type:b dur:2 cpbdur:2 q:32.13 aq:23.40 tex:354 mv:329 misc:589 imb:2 pmb:43 smb:8115 d:s ref:0 ;
in:366 out:367 type:b dur:2 cpbdur:2 q:32.01 aq:27.59 tex:811 mv:920 misc:725 imb:5 pmb:108 smb:8047 d:- ref:0 ;
in:371 out:368 type:P dur:2 cpbdur:2 q:31.70 aq:16.46 tex:27855 mv:3453 misc:2044 imb:151 pmb:359 smb:7650 d:s ref:0 ;
in:369 out:369 type:B dur:2 cpbdur:2 q:31.83 aq:23.92 tex:1425 mv:1812 misc:1043 imb:10 pmb:194 smb:7956 d:s ref:0 ;
in:368 out:370 type:b dur:2 cpbdur:2 q:31.89 aq:23.44 tex:515 mv:838 misc:727 imb:2 pmb:111 smb:8047 d:s ref:0 ;
in:370 out:371 type:b dur:2 cpbdur:2 q:31.76 aq:28.32 tex:536 mv:428 misc:548 imb:4 pmb:38 smb:8118 d:- ref:0 ;
in:375 out:372 type:P dur:2 cpbdur:2 q:31.47 aq:17.30 tex:31648 mv:3684 misc:2012 imb:170 pmb:379 smb:7611 d:s ref:0 ;
in:373 out:373 type:B dur:2 cpbdur:2 q:31.58 aq:22.12 tex:1382 mv:1664 misc:1034 imb:5 pmb:202 smb:7953 d:s ref:0 ;
in:372 out:374 type:b dur:2 cpbdur:2 q:31.64 aq:23.76 tex:634 mv:653 misc:745 imb:1 pmb:106 smb:8053 d:s ref:0 ;
in:374 out:375 type:b dur:2 cpbdur:2 q:31.52 aq:24.66 tex:685 mv:292 misc:567 imb:1 pmb:40 smb:8119 d:- ref:0 ;
in:379 out:376 type:P dur:2 cpbdur:2 q:31.20 aq:16.67 tex:32421 mv:3379 misc:1976 imb:171 pmb:375 smb:7614 d:s ref:0 ;
in:377 out:377 type:B dur:2 cpbdur:2 q:31.33 aq:25.29 tex:1549 mv:1636 misc:959 imb:8 pmb:189 smb:7963 d:s ref:0 ;
in:376 out:378 type:b dur:2 cpbdur:2 q:31.40 aq:25.74 tex:617 mv:786 misc:733 imb:2 pmb:112 smb:8046 d:s ref:0 ;
in:378 out:379 type:b dur:2 cpbdur:2 q:31.26 aq:31.42 tex:606 mv:248 misc:578 imb:3 pmb:38 smb:8119 d:- ref:0 ;
in:383 out:380 type:P dur:2 cpbdur:2 q:30.97 aq:18.88 tex:53358 mv:7734 misc:2628 imb:633 pmb:539 smb:6988 d:s ref:0 ;
in:381 out:381 type:B dur:2 cpbdur:2 q:31.08 aq:23.23 tex:8899 mv:6528 misc:1765 imb:323 pmb:442 smb:7395 d:t ref:0 ;
in:380 out:382 type:b dur:2 cpbdur:2 q:31.14 aq:24.77 tex:3294 mv:3448 misc:1258 imb:270 pmb:203 smb:7687 d:s ref:0 ;
in:382 out:383 type:b dur:2 cpbdur:2 q:31.02 aq:25.11 tex:2362 mv:2394 misc:1340 imb:38 pmb:239 smb:7883 d:- ref:0 ;
in:387 out:384 type:P dur:2 cpbdur:2 q:30.73 aq:17.09 tex:81179 mv:10323 misc:2570 imb:739 pmb:669 smb:6752 d:s ref:0 ;
in:385 out:385 type:B dur:2 cpbdur:2 q:30.85 aq:23.25 tex:9438 mv:7708 misc:2150 imb:74 pmb:772 smb:7314 d:s ref:0 ;
in:384 out:386 type:b dur:2 cpbdur:2 q:30.91 aq:26.30 tex:1791 mv:3319 misc:1346 imb:23 pmb:285 smb:7852 d:s ref:0 ;
in:386 out:387 type:b dur:2 cpbdur:2 q:30.79 aq:27.29 tex:2293 mv:4479 misc:1628 imb:25 pmb:436 smb:7699 d:- ref:0 ;
in:391 out:388 type:P dur:2 cpbdur:2 q:30.54 aq:17.03 tex:98215 mv:11042 misc:2631 imb:619 pmb:805 smb:6736 d:s ref:0 ;
in:389 out:389 type:B dur:2 cpbdur:2 q:30.63 aq:22.81 tex:9286 mv:9025 misc:2185 imb:77 pmb:832 smb:7251 d:t ref:0 ;
in:388 out:390 type:b dur:2 cpbdur:2 q:30.68 aq:25.46 tex:1745 mv:4207 misc:1536 imb:12 pmb:411 smb:7737 d:s ref:0 ;
in:390 out:391 type:b dur:2 cpbdur:2 q:30.59 aq:25.48 tex:2375 mv:4635 misc:1758 imb:23 pmb:513 smb:7624 d:- ref:0 ;
in:395 out:392 type:P dur:2 cpbdur:2 q:30.33 aq:16.67 tex:112077 mv:11514 misc:2553 imb:617 pmb:835 smb:6708 d:s ref:0 ;
in:393 out:393 type:B dur:2 cpbdur:2 q:30.44 aq:20.35 tex:8800 mv:7597 misc:2275 imb:65 pmb:792 smb:7303 d:t ref:0 ;
in:392 out:394 type:b dur:2 cpbdur:2 q:30.49 aq:22.79 tex:3501 mv:5418 misc:1641 imb:27 pmb:564 smb:7569 d:s ref:0 ;
in:394 out:395 type:b dur:2 cpbdur:2 q:30.38 aq:24.16 tex:1830 mv:4068 misc:1534 imb:26 pmb:413 smb:7721 d:- ref:0 ;
in:399 out:396 type:P dur:2 cpbdur:2 q:30.16 aq:16.97 tex:75374 mv:11458 misc:2616 imb:597 pmb:857 smb:6706 d:s ref:0 ;
in:397 out:397 type:B dur:2 cpbdur:2 q:30.24 aq:23.65 tex:6491 mv:8085 misc:2296 imb:107 pmb:667 smb:7386 d:t ref:0 ;
in:396 out:398 type:b dur:2 cpbdur:2 q:30.29 aq:25.62 tex:1721 mv:4471 misc:1696 imb:34 pmb:435 smb:7691 d:s ref:0 ;
in:398 out:399 type:b dur:2 cpbdur:2 q:30.20 aq:22.57 tex:1161 mv:3957 misc:1554 imb:48 pmb:342 smb:7770 d:- ref:0 ;
in:403 out:400 type:P dur:2 cpbdur:2 q:29.96 aq:16.68 tex:57225 mv:9787 misc:2788 imb:418 pmb:870 smb:6872 d:s ref:0 ;
in:401 out:401 type:B dur:2 cpbdur:2 q:30.06 aq:24.08 tex:3786 mv:5600 misc:1950 imb:26 pmb:533 smb:7601 d:t ref:0 ;
in:400 out:402 type:b dur:2 cpbdur:2 q:30.11 aq:26.61 tex:1165 mv:3208 misc:1315 imb:28 pmb:287 smb:7845 d:s ref:0 ;
in:402 out:403 type:b dur:2 cpbdur:2 q:30.01 aq:23.54 tex:693 mv:2525 misc:1238 imb:17 pmb:241 smb:7902 d:- ref:0 ;
in:407 out:404 type:P dur:2 cpbdur:2 q:29.78 aq:18.83 tex:47472 mv:8925 misc:2731 imb:476 pmb:790 smb:6894 d:s ref:0 ;
in:405 out:405 type:B dur:2 cpbdur:2 q:29.87 aq:21.04 tex:2417 mv:4277 misc:1890 imb:34 pmb:483 smb:7643 d:s ref:0 ;
in:404 out:406 type:b dur:2 cpbdur:2 q:29.91 aq:18.54 tex:417 mv:2164 misc:1259 imb:19 pmb:241 smb:7900 d:s ref:0 ;
in:406 out:407 type:b dur:2 cpbdur:2 q:29.82 aq:22.77 tex:2872 mv:2938 misc:1246 imb:104 pmb:256 smb:7800 d:- ref:0 ;
in:411 out:408 type:P dur:2 cpbdur:2 q:29.52 aq:18.93 tex:62568 mv:9357 misc:2683 imb:378 pmb:851 smb:6931 d:s ref:0 ;
in:409 out:409 type:B dur:2 cpbdur:2 q:29.65 aq:20.97 tex:7775 mv:5740 misc:2189 imb:52 pmb:613 smb:7495 d:s ref:0 ;
in:408 out:410 type:b dur:2 cpbdur:2 q:29.71 aq:21.75 tex:2917 mv:2477 misc:1286 imb:24 pmb:310 smb:7826 d:s ref:0 ;
in:410 out:411 type:b dur:2 cpbdur:2 q:29.58 aq:24.19 tex:1676 mv:2370 misc:1258 imb:7 pmb:267 smb:7886 d:- ref:0 ;
in:413 out:412 type:P dur:2 cpbdur:2 q:29.32 aq:17.24 tex:41121 mv:5827 misc:2476 imb:163 pmb:658 smb:7339 d:s ref:0 ;
in:412 out:413 type:b dur:2 cpbdur:2 q:29.42 aq:20.81 tex:1166 mv:2028 misc:1110 imb:13 pmb:206 smb:7941 d:t ref:0 ;
in:417 out:414 type:P dur:2 cpbdur:2 q:29.21 aq:21.74 tex:52768 mv:7698 misc:2350 imb:283 pmb:785 smb:7092 d:s ref:0 ;
in:415 out:415 type:B dur:2 cpbdur:2 q:29.26 aq:19.69 tex:4103 mv:4041 misc:1896 imb:70 pmb:472 smb:7618 d:s ref:0 ;
in:414 out:416 type:b dur:2 cpbdur:2 q:29.29 aq:22.16 tex:1918 mv:2573 misc:1405 imb:31 pmb:377 smb:7752 d:s ref:0 ;
in:416 out:417 type:b dur:2 cpbdur:2 q:29.24 aq:20.72 tex:703 mv:1882 misc:1143 imb:22 pmb:238 smb:7900 d:- ref:0 ;
in:418 out:418 type:P dur:2 cpbdur:2 q:28.96 aq:18.68 tex:54367 mv:25554 misc:4871 imb:5039 pmb:1362 smb:1759 d:s ref:0 w:7,127,0 ;
in:419 out:419 type:P dur:2 cpbdur:2 q:28.91 aq:21.48 tex:129152 mv:36589 misc:3139 imb:5661 pmb:1620 smb:879 d:s ref:0 w:7,125,-1,6,63,1,64,0 ;
in:422 out:420 type:P dur:2 cpbdur:2 q:28.90 aq:24.62 tex:642106 mv:55764 misc:794 imb:7387 pmb:773 smb:0 d:s ref:0 w:7,121,-24,6,58,8,123,-119 ;
in:420 out:421 type:B dur:2 cpbdur:2 q:28.91 aq:23.96 tex:205809 mv:52104 misc:2615 imb:5181 pmb:2475 smb:504 d:t ref:0 ;
in:421 out:422 type:b dur:2 cpbdur:2 q:28.91 aq:24.94 tex:95050 mv:28625 misc:6853 imb:2648 pmb:2505 smb:3007 d:- ref:0 ;
in:424 out:423 type:P dur:2 cpbdur:2 q:29.00 aq:25.26 tex:706021 mv:72568 misc:819 imb:4929 pmb:3224 smb:7 d:s ref:0 w:4,21,-93,5,39,-32,56,-97 ;
in:423 out:424 type:b dur:2 cpbdur:2 q:28.95 aq:26.67 tex:62845 mv:16274 misc:7257 imb:768 pmb:2252 smb:5140 d:s ref:0 ;
in:426 out:425 type:P dur:2 cpbdur:2 q:29.19 aq:25.58 tex:771557 mv:78750 misc:821 imb:3403 pmb:4746 smb:11 d:s ref:0 w:6,91,-103,6,87,-48,98,-69 ;
in:425 out:426 type:b dur:2 cpbdur:2 q:29.09 aq:28.49 tex:78839 mv:16414 misc:7003 imb:427 pmb:2683 smb:5050 d:s ref:0 ;
in:430 out:427 type:P dur:2 cpbdur:2 q:29.62 aq:25.64 tex:586433 mv:67880 misc:1647 imb:2252 pmb:5738 smb:170 d:s ref:0 w:5,35,-22,6,69,-11,71,-14 ;
in:428 out:428 type:B dur:2 cpbdur:2 q:29.41 aq:27.85 tex:202488 mv:50254 misc:5954 imb:676 pmb:4970 smb:2514 d:s ref:0 ;
in:427 out:429 type:b dur:2 cpbdur:2 q:29.30 aq:29.38 tex:100144 mv:35085 misc:6307 imb:392 pmb:3768 smb:4000 d:s ref:0 ;
in:429 out:430 type:b dur:2 cpbdur:2 q:29.51 aq:29.52 tex:50731 mv:23484 misc:6417 imb:152 pmb:2601 smb:5407 d:- ref:0 ;
in:434 out:431 type:P dur:2 cpbdur:2 q:30.15 aq:26.09 tex:512927 mv:61749 misc:3220 imb:1551 pmb:5841 smb:768 d:s ref:0 ;
in:432 out:432 type:B dur:2 cpbdur:2 q:29.89 aq:28.72 tex:131050 mv:42368 misc:6742 imb:300 pmb:4348 smb:3512 d:s ref:0 ;
in:431 out:433 type:b dur:2 cpbdur:2 q:29.76 aq:29.43 tex:31398 mv:25561 misc:6913 imb:124 pmb:2825 smb:5211 d:s ref:0 ;
in:433 out:434 type:b dur:2 cpbdur:2 q:30.02 aq:29.51 tex:26441 mv:18017 misc:6166 imb:99 pmb:2123 smb:5938 d:- ref:0 ;
in:438 out:435 type:P dur:2 cpbdur:2 q:30.46 aq:26.31 tex:521295 mv:60222 misc:3699 imb:1556 pmb:5568 smb:1036 d:s ref:0 ;
in:436 out:436 type:B dur:2 cpbdur:2 q:30.31 aq:28.93 tex:126700 mv:40409 misc:6683 imb:361 pmb:4111 smb:3688 d:t ref:0 ;
in:435 out:437 type:b dur:2 cpbdur:2 q:30.23 aq:30.55 tex:41875 mv:22473 misc:6332 imb:149 pmb:2417 smb:5594 d:s ref:0 ;
in:437 out:438 type:b dur:2 cpbdur:2 q:30.39 aq:30.30 tex:31460 mv:19876 misc:6288 imb:94 pmb:2300 smb:5766 d:- ref:0 ;
in:442 out:439 type:P dur:2 cpbdur:2 q:30.66 aq:26.64 tex:397194 mv:53730 misc:4284 imb:1370 pmb:5372 smb:1418 d:s ref:0 ;
in:440 out:440 type:B dur:2 cpbdur:2 q:30.56 aq:29.37 tex:102801 mv:35075 misc:6612 imb:222 pmb:3735 smb:4203 d:s ref:0 ;
in:439 out:441 type:b dur:2 cpbdur:2 q:30.51 aq:30.88 tex:20114 mv:17012 misc:5866 imb:71 pmb:1937 smb:6152 d:s ref:0 ;
in:441 out:442 type:b dur:2 cpbdur:2 q:30.61 aq:30.95 tex:22590 mv:15830 misc:5564 imb:49 pmb:1846 smb:6265 d:- ref:0 ;
in:446 out:443 type:P dur:2 cpbdur:2 q:30.84 aq:27.22 tex:386224 mv:54214 misc:4578 imb:1558 pmb:5090 smb:1512 d:s ref:0 ;
in:444 out:444 type:B dur:2 cpbdur:2 q:30.75 aq:29.45 tex:123234 mv:38587 misc:6579 imb:383 pmb:3866 smb:3911 d:s ref:0 ;
in:443 out:445 type:b dur:2 cpbdur:2 q:30.70 aq:30.86 tex:28334 mv:17734 misc:5724 imb:75 pmb:1906 smb:6179 d:s ref:0 ;
in:445 out:446 type:b dur:2 cpbdur:2 q:30.79 aq:30.60 tex:29717 mv:19238 misc:5869 imb:167 pmb:1950 smb:6043 d:- ref:0 ;
in:450 out:447 type:P dur:2 cpbdur:2 q:30.88 aq:26.68 tex:582741 mv:71586 misc:1097 imb:2652 pmb:5435 smb:73 d:s ref:0 ;
in:448 out:448 type:B dur:2 cpbdur:2 q:30.86 aq:29.29 tex:142058 mv:47096 misc:6734 imb:486 pmb:4446 smb:3228 d:s ref:0 ;
in:447 out:449 type:b dur:2 cpbdur:2 q:30.85 aq:30.92 tex:31403 mv:21943 misc:6110 imb:137 pmb:2205 smb:5818 d:s ref:0 ;
in:449 out:450 type:b dur:2 cpbdur:2 q:30.87 aq:30.45 tex:56344 mv:30301 misc:7227 imb:254 pmb:3355 smb:4551 d:- ref:0 ;
in:454 out:451 type:P dur:2 cpbdur:2 q:31.05 aq:27.14 tex:427169 mv:57696 misc:4279 imb:1618 pmb:5268 smb:1274 d:s ref:0 ;
in:452 out:452 type:B dur:2 cpbdur:2 q:30.96 aq:29.48 tex:100030 mv:39656 misc:6842 imb:382 pmb:3659 smb:4119 d:s ref:0 ;
in:451 out:453 type:b dur:2 cpbdur:2 q:30.92 aq:31.11 tex:34219 mv:21838 misc:6231 imb:116 pmb:2258 smb:5786 d:s ref:0 ;
in:453 out:454 type:b dur:2 cpbdur:2 q:31.01 aq:31.03 tex:24488 mv:20654 misc:6322 imb:108 pmb:2219 smb:5833 d:- ref:0 ;
in:458 out:455 type:P dur:2 cpbdur:2 q:31.23 aq:27.30 tex:413022 mv:56850 misc:4096 imb:1774 pmb:5052 smb:1334 d:s ref:0 ;
in:456 out:456 type:B dur:2 cpbdur:2 q:31.14 aq:29.98 tex:100801 mv:42838 misc:6569 imb:425 pmb:3813 smb:3922 d:s ref:0 ;
in:455 out:457 type:b dur:2 cpbdur:2 q:31.09 aq:31.75 tex:29621 mv:28426 misc:6273 imb:128 pmb:2829 smb:5203 d:s ref:0 ;
in:457 out:458 type:b dur:2 cpbdur:2 q:31.18 aq:31.40 tex:25706 mv:20538 misc:5884 imb:131 pmb:2081 smb:5948 d:- ref:0 ;
in:462 out:459 type:P dur:2 cpbdur:2 q:31.40 aq:27.59 tex:391697 mv:56450 misc:4173 imb:1870 pmb:4859 smb:1431 d:s ref:0 ;
in:460 out:460 type:B dur:2 cpbdur:2 q:31.32 aq:29.86 tex:117514 mv:43508 misc:6002 imb:498 pmb:3723 smb:3939 d:s ref:0 ;
in:459 out:461 type:b dur:2 cpbdur:2 q:31.27 aq:30.98 tex:29918 mv:22494 misc:5892 imb:161 pmb:2244 smb:5755 d:s ref:0 ;
in:461 out:462 type:b dur:2 cpbdur:2 q:31.36 aq:31.42 tex:31171 mv:21171 misc:5874 imb:110 pmb:2153 smb:5897 d:- ref:0 ;
in:466 out:463 type:P dur:2 cpbdur:2 q:31.48 aq:27.95 tex:379759 mv:53664 misc:4625 imb:1750 pmb:4649 smb:1761 d:s ref:0 ;
in:464 out:464 type:B dur:2 cpbdur:2 q:31.44 aq:30.46 tex:112565 mv:41252 misc:5807 imb:462 pmb:3597 smb:4101 d:s ref:0 ;
in:463 out:465 type:b dur:2 cpbdur:2 q:31.42 aq:31.80 tex:34236 mv:24825 misc:6363 imb:125 pmb:2518 smb:5517 d:s ref:0 ;
in:465 out:466 type:b dur:2 cpbdur:2 q:31.46 aq:31.97 tex:33306 mv:23549 misc:5745 imb:161 pmb:2234 smb:5765 d:- ref:0 ;
in:470 out:467 type:P dur:2 cpbdur:2 q:31.58 aq:28.17 tex:345703 mv:54854 misc:4347 imb:1867 pmb:4537 smb:1756 d:s ref:0 ;
in:468 out:468 type:B dur:2 cpbdur:2 q:31.53 aq:30.40 tex:105209 mv:41558 misc:5545 imb:479 pmb:3417 smb:4264 d:s ref:0 ;
in:467 out:469 type:b dur:2 cpbdur:2 q:31.50 aq:31.78 tex:37355 mv:24247 misc:5838 imb:147 pmb:2338 smb:5675 d:s ref:0 ;
in:469 out:470 type:b dur:2 cpbdur:2 q:31.55 aq:31.93 tex:39979 mv:24651 misc:5834 imb:163 pmb:2389 smb:5608 d:- ref:0 ;
in:474 out:471 type:P dur:2 cpbdur:2 q:31.67 aq:28.47 tex:350808 mv:55513 misc:4151 imb:2013 pmb:4337 smb:1810 d:s ref:0 ;
in:472 out:472 type:B dur:2 cpbdur:2 q:31.63 aq:30.57 tex:122476 mv:45551 misc:5853 imb:474 pmb:3876 smb:3810 d:s ref:0 ;
in:471 out:473 type:b dur:2 cpbdur:2 q:31.60 aq:31.52 tex:34517 mv:23671 misc:5516 imb:189 pmb:2204 smb:5767 d:s ref:0 ;
in:473 out:474 type:b dur:2 cpbdur:2 q:31.65 aq:32.51 tex:36897 mv:25092 misc:5683 imb:186 pmb:2398 smb:5576 d:- ref:0 ;
in:478 out:475 type:P dur:2 cpbdur:2 q:31.80 aq:29.16 tex:318555 mv:52341 misc:4336 imb:2055 pmb:3982 smb:2123 d:s ref:0 ;
in:476 out:476 type:B dur:2 cpbdur:2 q:31.73 aq:30.78 tex:133450 mv:48122 misc:5612 imb:672 pmb:3895 smb:3593 d:s ref:0 ;
in:475 out:477 type:b dur:2 cpbdur:2 q:31.70 aq:32.14 tex:28342 mv:25150 misc:5700 imb:187 pmb:2287 smb:5686 d:s ref:0 ;
in:477 out:478 type:b dur:2 cpbdur:2 q:31.76 aq:31.92 tex:38166 mv:25767 misc:5619 imb:281 pmb:2261 smb:5618 d:- ref:0 ;
in:482 out:479 type:P dur:2 cpbdur:2 q:31.85 aq:30.56 tex:384410 mv:67165 misc:2793 imb:3220 pmb:4030 smb:910 d:s ref:0 ;
in:480 out:480 type:B dur:2 cpbdur:2 q:31.82 aq:30.14 tex:136907 mv:50743 misc:5822 imb:871 pmb:4016 smb:3273 d:s ref:0 ;
in:479 out:481 type:b dur:2 cpbdur:2 q:31.81 aq:32.13 tex:44949 mv:27497 misc:5594 imb:302 pmb:2433 smb:5425 d:s ref:0 ;
in:481 out:482 type:b dur:2 cpbdur:2 q:31.84 aq:32.00 tex:55690 mv:34893 misc:6609 imb:366 pmb:3243 smb:4551 d:- ref:0 ;
in:484 out:483 type:P dur:2 cpbdur:2 q:31.96 aq:31.10 tex:425288 mv:69639 misc:873 imb:3706 pmb:4431 smb:23 d:s ref:0 w:3,9,5,6,80,-32,73,-18 ;
in:483 out:484 type:b dur:2 cpbdur:2 q:31.91 aq:32.26 tex:78318 mv:39351 misc:6267 imb:734 pmb:3010 smb:4416 d:s ref:0 ;
in:485 out:485 type:P dur:2 cpbdur:2 q:32.08 aq:32.63 tex:235574 mv:58494 misc:3764 imb:2207 pmb:4486 smb:1467 d:s ref:0 ;
in:486 out:486 type:I dur:2 cpbdur:2 q:28.51 aq:23.77 tex:496517 mv:168707 misc:672 imb:8160 pmb:0 smb:0 d:s ref:;
in:490 out:487 type:P dur:2 cpbdur:2 q:32.38 aq:27.13 tex:460013 mv:61504 misc:755 imb:6127 pmb:2032 smb:1 d:s ref:0 w:4,15,-27,6,56,16,49,30 ;
in:488 out:488 type:B dur:2 cpbdur:2 q:32.38 aq:29.31 tex:112611 mv:35893 misc:5344 imb:1852 pmb:3821 smb:2487 d:s ref:0 ;
in:487 out:489 type:b dur:2 cpbdur:2 q:32.38 aq:29.60 tex:18861 mv:9975 misc:4100 imb:240 pmb:996 smb:6924 d:s ref:0 ;
in:489 out:490 type:b dur:2 cpbdur:2 q:32.38 aq:29.19 tex:11582 mv:9149 misc:4381 imb:196 pmb:1042 smb:6922 d:- ref:0 ;
in:494 out:491 type:P dur:2 cpbdur:2 q:32.59 aq:25.11 tex:320887 mv:67385 misc:984 imb:3894 pmb:4211 smb:55 d:s ref:0 w:5,31,-1,3,8,0,7,15 ;
in:492 out:492 type:B dur:2 cpbdur:2 q:32.49 aq:29.61 tex:19781 mv:11396 misc:5375 imb:40 pmb:1819 smb:6301 d:s ref:0 ;
in:491 out:493 type:b dur:2 cpbdur:2 q:32.43 aq:30.23 tex:3929 mv:6486 misc:4025 imb:24 pmb:1097 smb:7039 d:s ref:0 ;
in:493 out:494 type:b dur:2 cpbdur:2 q:32.54 aq:30.15 tex:1113 mv:1895 misc:1616 imb:12 pmb:264 smb:7884 d:- ref:0 ;
in:498 out:495 type:P dur:2 cpbdur:2 q:32.71 aq:26.74 tex:122042 mv:29175 misc:6071 imb:520 pmb:3840 smb:3800 d:s ref:0 ;
in:496 out:496 type:B dur:2 cpbdur:2 q:32.65 aq:30.20 tex:4997 mv:2516 misc:2623 imb:12 pmb:534 smb:7614 d:s ref:0 ;
in:495 out:497 type:b dur:2 cpbdur:2 q:32.62 aq:31.31 tex:1261 mv:1191 misc:1268 imb:4 pmb:187 smb:7969 d:s ref:0 ;
in:497 out:498 type:b dur:2 cpbdur:2 q:32.68 aq:31.30 tex:3887 mv:1920 misc:1417 imb:7 pmb:271 smb:7882 d:- ref:0 ;
in:502 out:499 type:P dur:2 cpbdur:2 q:32.60 aq:26.60 tex:100489 mv:30210 misc:6029 imb:507 pmb:3794 smb:3859 d:s ref:0 ;
in:500 out:500 type:B dur:2 cpbdur:2 q:32.65 aq:29.45 tex:6451 mv:5317 misc:3184 imb:35 pmb:720 smb:7405 d:s ref:0 ;
in:499 out:501 type:b dur:2 cpbdur:2 q:32.68 aq:31.37 tex:6804 mv:2223 misc:1141 imb:77 pmb:206 smb:7877 d:s ref:0 ;
in:501 out:502 type:b dur:2 cpbdur:2 q:32.63 aq:30.36 tex:816 mv:1277 misc:1315 imb:3 pmb:196 smb:7961 d:- ref:0 ;
in:506 out:503 type:P dur:2 cpbdur:2 q:32.47 aq:26.52 tex:103131 mv:30715 misc:6570 imb:491 pmb:3794 smb:3875 d:s ref:0 ;
in:504 out:504 type:B dur:2 cpbdur:2 q:32.54 aq:29.72 tex:11676 mv:6264 misc:3516 imb:37 pmb:830 smb:7293 d:s ref:0 ;
in:503 out:505 type:b dur:2 cpbdur:2 q:32.57 aq:30.39 tex:2580 mv:1735 misc:1645 imb:16 pmb:253 smb:7891 d:s ref:0 ;
in:505 out:506 type:b dur:2 cpbdur:2 q:32.51 aq:30.64 tex:2156 mv:2554 misc:2002 imb:8 pmb:341 smb:7811 d:- ref:0 ;
in:510 out:507 type:P dur:2 cpbdur:2 q:32.34 aq:26.62 tex:102046 mv:33433 misc:6073 imb:527 pmb:3736 smb:3897 d:s ref:0 ;
in:508 out:508 type:B dur:2 cpbdur:2 q:32.40 aq:29.49 tex:10375 mv:8802 misc:3935 imb:26 pmb:1035 smb:7099 d:s ref:0 ;
in:507 out:509 type:b dur:2 cpbdur:2 q:32.44 aq:30.98 tex:2842 mv:3358 misc:2368 imb:9 pmb:484 smb:7667 d:s ref:0 ;
in:509 out:510 type:b dur:2 cpbdur:2 q:32.37 aq:30.20 tex:2272 mv:3536 misc:2280 imb:3 pmb:442 smb:7715 d:- ref:0 ;
in:514 out:511 type:P dur:2 cpbdur:2 q:32.19 aq:26.68 tex:105373 mv:39186 misc:5721 imb:792 pmb:3828 smb:3540 d:s ref:0 ;
in:512 out:512 type:B dur:2 cpbdur:2 q:32.26 aq:29.77 tex:14956 mv:14533 misc:4391 imb:50 pmb:1427 smb:6683 d:s ref:0 ;
in:511 out:513 type:b dur:2 cpbdur:2 q:32.30 aq:31.01 tex:4787 mv:5577 misc:2748 imb:20 pmb:611 smb:7529 d:s ref:0 ;
in:513 out:514 type:b dur:2 cpbdur:2 q:32.23 aq:29.34 tex:6421 mv:8233 misc:3234 imb:23 pmb:849 smb:7288 d:- ref:0 ;
in:518 out:515 type:P dur:2 cpbdur:2 q:32.03 aq:26.67 tex:163154 mv:45759 misc:5207 imb:1135 pmb:3856 smb:3169 d:s ref:0 ;
in:516 out:516 type:B dur:2 cpbdur:2 q:32.11 aq:28.60 tex:33707 mv:24982 misc:5199 imb:131 pmb:2066 smb:5963 d:s ref:0 ;
in:515 out:517 type:b dur:2 cpbdur:2 q:32.15 aq:29.45 tex:8136 mv:11475 misc:3629 imb:39 pmb:989 smb:7132 d:s ref:0 ;
in:517 out:518 type:b dur:2 cpbdur:2 q:32.07 aq:30.64 tex:10276 mv:12011 misc:3521 imb:57 pmb:997 smb:7106 d:- ref:0 ;
in:522 out:519 type:P dur:2 cpbdur:2 q:31.96 aq:26.61 tex:179149 mv:50110 misc:4853 imb:1360 pmb:3873 smb:2927 d:s ref:0 ;
in:520 out:520 type:B dur:2 cpbdur:2 q:32.00 aq:28.65 tex:35404 mv:29309 misc:5135 imb:212 pmb:2251 smb:5697 d:s ref:0 ;
in:519 out:521 type:b dur:2 cpbdur:2 q:32.01 aq:29.58 tex:10619 mv:14280 misc:3829 imb:62 pmb:1160 smb:6938 d:s ref:0 ;
in:521 out:522 type:b dur:2 cpbdur:2 q:31.98 aq:29.95 tex:13685 mv:15041 misc:3842 imb:69 pmb:1268 smb:6823 d:- ref:0 ;
in:526 out:523 type:P dur:2 cpbdur:2 q:31.90 aq:26.35 tex:161683 mv:47744 misc:5037 imb:1101 pmb:3930 smb:3129 d:s ref:0 ;
in:524 out:524 type:B dur:2 cpbdur:2 q:31.93 aq:28.93 tex:31946 mv:27294 misc:5152 imb:167 pmb:2157 smb:5836 d:s ref:0 ;
in:523 out:525 type:b dur:2 cpbdur:2 q:31.94 aq:30.95 tex:12819 mv:15015 misc:4054 imb:66 pmb:1294 smb:6800 d:s ref:0 ;
in:525 out:526 type:b dur:2 cpbdur:2 q:31.92 aq:29.54 tex:10448 mv:12988 misc:3948 imb:47 pmb:1141 smb:6972 d:- ref:0 ;
in:530 out:527 type:P dur:2 cpbdur:2 q:31.85 aq:26.39 tex:138002 mv:45222 misc:5608 imb:1015 pmb:4128 smb:3017 d:s ref:0 ;
in:528 out:528 type:B dur:2 cpbdur:2 q:31.87 aq:28.75 tex:25303 mv:21611 misc:5750 imb:89 pmb:2238 smb:5833 d:s ref:0 ;
in:527 out:529 type:b dur:2 cpbdur:2 q:31.89 aq:28.93 tex:8673 mv:11677 misc:3882 imb:46 pmb:1088 smb:7026 d:s ref:0 ;
in:529 out:530 type:b dur:2 cpbdur:2 q:31.86 aq:29.73 tex:7277 mv:9344 misc:3827 imb:28 pmb:1028 smb:7104 d:- ref:0 ;
in:534 out:531 type:P dur:2 cpbdur:2 q:31.76 aq:26.81 tex:137101 mv:44570 misc:5609 imb:1007 pmb:3874 smb:3279 d:s ref:0 ;
in:532 out:532 type:B dur:2 cpbdur:2 q:31.80 aq:28.90 tex:31895 mv:26919 misc:5922 imb:140 pmb:2368 smb:5652 d:s ref:0 ;
in:531 out:533 type:b dur:2 cpbdur:2 q:31.82 aq:30.02 tex:11508 mv:13222 misc:4078 imb:45 pmb:1223 smb:6892 d:s ref:0 ;
in:533 out:534 type:b dur:2 cpbdur:2 q:31.78 aq:29.71 tex:10935 mv:13185 misc:4176 imb:48 pmb:1227 smb:6885 d:- ref:0 ;
in:538 out:535 type:P dur:2 cpbdur:2 q:31.70 aq:27.02 tex:110744 mv:41011 misc:6053 imb:965 pmb:3633 smb:3562 d:s ref:0 ;
in:536 out:536 type:B dur:2 cpbdur:2 q:31.73 aq:28.63 tex:30852 mv:23880 misc:5860 imb:125 pmb:2261 smb:5774 d:s ref:0 ;
in:535 out:537 type:b dur:2 cpbdur:2 q:31.74 aq:29.95 tex:9472 mv:13281 misc:4343 imb:48 pmb:1279 smb:6833 d:s ref:0 ;
in:537 out:538 type:b dur:2 cpbdur:2 q:31.72 aq:29.99 tex:11399 mv:11849 misc:4256 imb:31 pmb:1230 smb:6899 d:- ref:0 ;
in:542 out:539 type:P dur:2 cpbdur:2 q:31.62 aq:27.79 tex:176221 mv:53297 misc:4834 imb:1357 pmb:4175 smb:2628 d:s ref:0 ;
in:540 out:540 type:B dur:2 cpbdur:2 q:31.66 aq:28.90 tex:41883 mv:29785 misc:6364 imb:131 pmb:2808 smb:5221 d:s ref:0 ;
in:539 out:541 type:b dur:2 cpbdur:2 q:31.68 aq:28.86 tex:12872 mv:14124 misc:4188 imb:46 pmb:1294 smb:6820 d:s ref:0 ;
in:541 out:542 type:b dur:2 cpbdur:2 q:31.64 aq:30.47 tex:12490 mv:13312 misc:4814 imb:47 pmb:1394 smb:6719 d:- ref:0 ;
in:546 out:543 type:P dur:2 cpbdur:2 q:31.54 aq:27.76 tex:298331 mv:60579 misc:3362 imb:2699 pmb:3727 smb:1734 d:s ref:0 ;
in:544 out:544 type:B dur:2 cpbdur:2 q:31.58 aq:29.12 tex:48247 mv:33558 misc:7075 imb:178 pmb:3885 smb:4097 d:s ref:0 ;
in:543 out:545 type:b dur:2 cpbdur:2 q:31.60 aq:30.32 tex:12417 mv:15989 misc:5554 imb:67 pmb:1608 smb:6485 d:s ref:0 ;
in:545 out:546 type:b dur:2 cpbdur:2 q:31.56 aq:29.93 tex:12236 mv:11110 misc:5230 imb:57 pmb:1426 smb:6677 d:- ref:0 ;
in:548 out:547 type:P dur:2 cpbdur:2 q:31.50 aq:27.59 tex:207158 mv:47075 misc:4519 imb:1091 pmb:4361 smb:2708 d:s ref:0 ;
in:547 out:548 type:b dur:2 cpbdur:2 q:31.52 aq:29.90 tex:14828 mv:12654 misc:4878 imb:116 pmb:1367 smb:6677 d:t ref:0 ;
in:550 out:549 type:P dur:2 cpbdur:2 q:31.56 aq:27.49 tex:198628 mv:46096 misc:4164 imb:1016 pmb:4620 smb:2524 d:s ref:0 ;
in:549 out:550 type:b dur:2 cpbdur:2 q:31.53 aq:30.57 tex:11629 mv:10373 misc:5382 imb:43 pmb:1527 smb:6590 d:s ref:0 ;
in:554 out:551 type:P dur:2 cpbdur:2 q:31.56 aq:28.87 tex:151000 mv:45445 misc:4907 imb:1264 pmb:4189 smb:2707 d:s ref:0 ;
in:552 out:552 type:B dur:2 cpbdur:2 q:31.56 aq:29.06 tex:54284 mv:29338 misc:7042 imb:204 pmb:3603 smb:4353 d:s ref:0 ;
in:551 out:553 type:b dur:2 cpbdur:2 q:31.56 aq:30.21 tex:9492 mv:10016 misc:5100 imb:46 pmb:1353 smb:6761 d:s ref:0 ;
in:553 out:554 type:b dur:2 cpbdur:2 q:31.56 aq:29.88 tex:12325 mv:12714 misc:5513 imb:102 pmb:1494 smb:6564 d:- ref:0 ;
in:556 out:555 type:P dur:2 cpbdur:2 q:31.55 aq:28.37 tex:296807 mv:66713 misc:752 imb:4934 pmb:3219 smb:7 d:s ref:0 w:5,33,17,5,32,0,35,-12 ;
in:555 out:556 type:b dur:2 cpbdur:2 q:31.56 aq:29.94 tex:30114 mv:17936 misc:5566 imb:363 pmb:1711 smb:6086 d:s ref:0 ;
in:557 out:557 type:P dur:2 cpbdur:2 q:31.58 aq:28.38 tex:186238 mv:62102 misc:1260 imb:3914 pmb:4132 smb:114 d:s ref:0 w:6,65,9,5,33,-4,34,-8 ;
in:559 out:558 type:P dur:2 cpbdur:2 q:31.60 aq:26.77 tex:314784 mv:50282 misc:958 imb:7256 pmb:528 smb:376 d:s ref:0 ;
in:558 out:559 type:b dur:2 cpbdur:2 q:31.59 aq:29.76 tex:207454 mv:75104 misc:3074 imb:3267 pmb:3543 smb:1350 d:s ref:0 ;
in:562 out:560 type:P dur:2 cpbdur:2 q:31.56 aq:26.31 tex:253977 mv:54566 misc:1233 imb:6679 pmb:967 smb:514 d:s ref:0 ;
in:560 out:561 type:B dur:2 cpbdur:2 q:31.59 aq:27.32 tex:141777 mv:61220 misc:4851 imb:2850 pmb:3156 smb:2154 d:s ref:0 ;
in:561 out:562 type:b dur:2 cpbdur:2 q:31.57 aq:27.51 tex:72575 mv:43472 misc:5025 imb:1465 pmb:2119 smb:4576 d:- ref:0 ;
in:564 out:563 type:P dur:2 cpbdur:2 q:31.62 aq:25.63 tex:230811 mv:52237 misc:2152 imb:4577 pmb:1611 smb:1972 d:s ref:0 ;
in:563 out:564 type:b dur:2 cpbdur:2 q:31.59 aq:29.04 tex:55992 mv:40091 misc:4741 imb:1311 pmb:2074 smb:4775 d:s ref:0 ;
in:568 out:565 type:P dur:2 cpbdur:2 q:31.79 aq:26.08 tex:189294 mv:49875 misc:4167 imb:3116 pmb:2395 smb:2649 d:s ref:0 ;
in:566 out:566 type:B dur:2 cpbdur:2 q:31.70 aq:27.78 tex:67596 mv:38718 misc:5390 imb:952 pmb:2462 smb:4746 d:s ref:0 ;
in:565 out:567 type:b dur:2 cpbdur:2 q:31.66 aq:28.75 tex:33548 mv:27299 misc:4929 imb:598 pmb:1814 smb:5748 d:s ref:0 ;
in:567 out:568 type:b dur:2 cpbdur:2 q:31.75 aq:29.01 tex:32968 mv:25989 misc:5035 imb:542 pmb:1807 smb:5811 d:- ref:0 ;
in:572 out:569 type:P dur:2 cpbdur:2 q:32.02 aq:26.14 tex:198153 mv:49430 misc:5297 imb:2600 pmb:2615 smb:2945 d:s ref:0 ;
in:570 out:570 type:B dur:2 cpbdur:2 q:31.91 aq:27.98 tex:48378 mv:35946 misc:6412 imb:508 pmb:2603 smb:5049 d:s ref:0 ;
in:569 out:571 type:b dur:2 cpbdur:2 q:31.85 aq:28.83 tex:28115 mv:25525 misc:5288 imb:335 pmb:1861 smb:5964 d:s ref:0 ;
in:571 out:572 type:b dur:2 cpbdur:2 q:31.96 aq:29.10 tex:18765 mv:19646 misc:5261 imb:165 pmb:1651 smb:6344 d:- ref:0 ;
in:576 out:573 type:P dur:2 cpbdur:2 q:32.05 aq:26.70 tex:128573 mv:44822 misc:5741 imb:2051 pmb:2720 smb:3389 d:s ref:0 ;
in:574 out:574 type:B dur:2 cpbdur:2 q:32.04 aq:28.37 tex:35096 mv:30789 misc:6123 imb:360 pmb:2418 smb:5382 d:s ref:0 ;
in:573 out:575 type:b dur:2 cpbdur:2 q:32.03 aq:28.43 tex:15612 mv:19751 misc:5117 imb:196 pmb:1600 smb:6364 d:s ref:0 ;
in:575 out:576 type:b dur:2 cpbdur:2 q:32.05 aq:29.58 tex:16081 mv:18200 misc:4855 imb:164 pmb:1478 smb:6518 d:- ref:0 ;
in:580 out:577 type:P dur:2 cpbdur:2 q:31.98 aq:26.43 tex:139624 mv:47653 misc:5483 imb:2360 pmb:2781 smb:3019 d:s ref:0 ;
in:578 out:578 type:B dur:2 cpbdur:2 q:32.02 aq:28.23 tex:37019 mv:31608 misc:5949 imb:330 pmb:2460 smb:5370 d:s ref:0 ;
in:577 out:579 type:b dur:2 cpbdur:2 q:32.04 aq:29.45 tex:16092 mv:19238 misc:5046 imb:184 pmb:1558 smb:6418 d:s ref:0 ;
in:579 out:580 type:b dur:2 cpbdur:2 q:32.00 aq:29.48 tex:17100 mv:16921 misc:4563 imb:144 pmb:1389 smb:6627 d:- ref:0 ;
in:584 out:581 type:P dur:2 cpbdur:2 q:31.88 aq:26.35 tex:124353 mv:45929 misc:5926 imb:2111 pmb:2771 smb:3278 d:s ref:0 ;
in:582 out:582 type:B dur:2 cpbdur:2 q:31.93 aq:27.94 tex:37449 mv:28702 misc:5849 imb:329 pmb:2245 smb:5586 d:s ref:0 ;
in:581 out:583 type:b dur:2 cpbdur:2 q:31.95 aq:29.53 tex:17793 mv:17770 misc:4469 imb:119 pmb:1490 smb:6551 d:s ref:0 ;
in:583 out:584 type:b dur:2 cpbdur:2 q:31.91 aq:28.52 tex:21963 mv:19135 misc:4694 imb:293 pmb:1524 smb:6343 d:- ref:0 ;
in:588 out:585 type:P dur:2 cpbdur:2 q:31.81 aq:25.55 tex:139310 mv:43910 misc:6204 imb:2044 pmb:2791 smb:3325 d:s ref:0 ;
in:586 out:586 type:B dur:2 cpbdur:2 q:31.85 aq:27.44 tex:44544 mv:29120 misc:6136 imb:337 pmb:2413 smb:5410 d:s ref:0 ;
in:585 out:587 type:b dur:2 cpbdur:2 q:31.87 aq:28.60 tex:19341 mv:17887 misc:4676 imb:125 pmb:1523 smb:6512 d:s ref:0 ;
in:587 out:588 type:b dur:2 cpbdur:2 q:31.83 aq:29.23 tex:19598 mv:16786 misc:4664 imb:129 pmb:1462 smb:6569 d:- ref:0 ;
in:592 out:589 type:P dur:2 cpbdur:2 q:31.77 aq:26.30 tex:146212 mv:40773 misc:6215 imb:1846 pmb:2624 smb:3690 d:s ref:0 ;
in:590 out:590 type:B dur:2 cpbdur:2 q:31.79 aq:27.73 tex:44899 mv:27477 misc:5512 imb:473 pmb:2242 smb:5445 d:s ref:0 ;
in:589 out:591 type:b dur:2 cpbdur:2 q:31.80 aq:28.01 tex:16980 mv:16701 misc:4615 imb:209 pmb:1344 smb:6607 d:s ref:0 ;
in:591 out:592 type:b dur:2 cpbdur:2 q:31.78 aq:28.86 tex:18284 mv:18328 misc:4868 imb:285 pmb:1447 smb:6428 d:- ref:0 ;
in:596 out:593 type:P dur:2 cpbdur:2 q:31.71 aq:26.62 tex:152517 mv:45136 misc:5515 imb:2602 pmb:2287 smb:3271 d:s ref:0 ;
in:594 out:594 type:B dur:2 cpbdur:2 q:31.74 aq:27.91 tex:53019 mv:33637 misc:5792 imb:649 pmb:2324 smb:5187 d:s ref:0 ;
in:593 out:595 type:b dur:2 cpbdur:2 q:31.75 aq:29.54 tex:29241 mv:20127 misc:4568 imb:329 pmb:1494 smb:6337 d:s ref:0 ;
in:595 out:596 type:b dur:2 cpbdur:2 q:31.72 aq:28.95 tex:39082 mv:25331 misc:5203 imb:499 pmb:1951 smb:5710 d:- ref:0 ;
in:600 out:597 type:P dur:2 cpbdur:2 q:31.64 aq:25.78 tex:138549 mv:54492 misc:4511 imb:3987 pmb:2705 smb:1468 d:s ref:0 ;
in:598 out:598 type:B dur:2 cpbdur:2 q:31.67 aq:26.70 tex:50892 mv:39846 misc:6798 imb:782 pmb:2813 smb:4565 d:s ref:0 ;
in:597 out:599 type:b dur:2 cpbdur:2 q:31.69 aq:28.09 tex:32076 mv:26234 misc:5202 imb:502 pmb:1738 smb:5920 d:s ref:0 ;
in:599 out:600 type:b dur:2 cpbdur:2 q:31.66 aq:27.27 tex:24490 mv:24423 misc:6223 imb:314 pmb:2098 smb:5748 d:- ref:0 ;
in:604 out:601 type:P dur:2 cpbdur:2 q:31.60 aq:24.49 tex:117707 mv:42566 misc:4551 imb:3873 pmb:1931 smb:2356 d:s ref:0 ;
in:602 out:602 type:B dur:2 cpbdur:2 q:31.62 aq:27.05 tex:57910 mv:37641 misc:6561 imb:779 pmb:2625 smb:4756 d:s ref:0 ;
in:601 out:603 type:b dur:2 cpbdur:2 q:31.63 aq:27.67 tex:22029 mv:23948 misc:5543 imb:315 pmb:1829 smb:6016 d:s ref:0 ;
in:603 out:604 type:b dur:2 cpbdur:2 q:31.61 aq:26.89 tex:29363 mv:23788 misc:5465 imb:281 pmb:1866 smb:6013 d:- ref:0 ;
in:607 out:605 type:P dur:2 cpbdur:2 q:31.59 aq:21.88 tex:107585 mv:31463 misc:3672 imb:3634 pmb:1318 smb:3208 d:s ref:0 ;
in:605 out:606 type:B dur:2 cpbdur:2 q:31.59 aq:27.53 tex:44416 mv:27897 misc:5279 imb:697 pmb:1829 smb:5634 d:s ref:0 ;
in:606 out:607 type:b dur:2 cpbdur:2 q:31.59 aq:28.06 tex:36630 mv:22730 misc:4560 imb:455 pmb:1620 smb:6085 d:- ref:0 ;
in:610 out:608 type:P dur:2 cpbdur:2 q:31.56 aq:18.15 tex:79088 mv:19678 misc:2522 imb:3701 pmb:634 smb:3825 d:s ref:0 ;
in:608 out:609 type:B dur:2 cpbdur:2 q:31.58 aq:25.58 tex:38273 mv:14045 misc:3930 imb:216 pmb:1335 smb:6609 d:s ref:0 ;
in:609 out:610 type:b dur:2 cpbdur:2 q:31.57 aq:23.74 tex:19948 mv:11167 misc:3381 imb:112 pmb:1301 smb:6747 d:- ref:0 ;
in:612 out:611 type:P dur:2 cpbdur:2 q:31.48 aq:16.48 tex:63520 mv:12749 misc:2451 imb:2123 pmb:543 smb:5494 d:s ref:0 ;
in:611 out:612 type:b dur:2 cpbdur:2 q:31.52 aq:30.80 tex:16275 mv:6287 misc:2158 imb:93 pmb:553 smb:7514 d:s ref:0 ;
in:613 out:613 type:P dur:2 cpbdur:2 q:31.44 aq:15.49 tex:34246 mv:7398 misc:2468 imb:824 pmb:478 smb:6858 d:s ref:0 ;
in:617 out:614 type:P dur:2 cpbdur:2 q:31.42 aq:15.19 tex:66516 mv:5897 misc:1867 imb:530 pmb:324 smb:7306 d:s ref:0 ;
in:615 out:615 type:B dur:2 cpbdur:2 q:31.43 aq:20.63 tex:6659 mv:3533 misc:1160 imb:114 pmb:289 smb:7757 d:s ref:0 ;
in:614 out:616 type:b dur:2 cpbdur:2 q:31.44 aq:31.45 tex:4077 mv:3278 misc:1061 imb:85 pmb:279 smb:7796 d:s ref:0 ;
in:616 out:617 type:b dur:2 cpbdur:2 q:31.43 aq:22.89 tex:1536 mv:1595 misc:893 imb:19 pmb:152 smb:7989 d:- ref:0 ;
in:621 out:618 type:P dur:2 cpbdur:2 q:31.34 aq:17.14 tex:44500 mv:5107 misc:1793 imb:325 pmb:359 smb:7476 d:s ref:0 ;
in:619 out:619 type:B dur:2 cpbdur:2 q:31.38 aq:28.35 tex:3606 mv:4033 misc:1249 imb:81 pmb:320 smb:7759 d:t ref:0 ;
in:618 out:620 type:b dur:2 cpbdur:2 q:31.40 aq:28.45 tex:2075 mv:2791 misc:1070 imb:37 pmb:258 smb:7865 d:s ref:0 ;
in:620 out:621 type:b dur:2 cpbdur:2 q:31.36 aq:25.63 tex:1476 mv:2374 misc:1094 imb:33 pmb:229 smb:7898 d:- ref:0 ;
in:625 out:622 type:P dur:2 cpbdur:2 q:31.16 aq:17.35 tex:45376 mv:5943 misc:1913 imb:331 pmb:426 smb:7403 d:s ref:0 ;
in:623 out:623 type:B dur:2 cpbdur:2 q:31.25 aq:23.29 tex:2226 mv:4104 misc:1358 imb:53 pmb:327 smb:7780 d:s ref:0 ;
in:622 out:624 type:b dur:2 cpbdur:2 q:31.30 aq:29.59 tex:885 mv:1066 misc:849 imb:13 pmb:119 smb:8028 d:s ref:0 ;
in:624 out:625 type:b dur:2 cpbdur:2 q:31.20 aq:27.62 tex:1497 mv:2226 misc:1109 imb:37 pmb:207 smb:7916 d:- ref:0 ;
in:629 out:626 type:P dur:2 cpbdur:2 q:30.99 aq:15.85 tex:64008 mv:7021 misc:1851 imb:320 pmb:531 smb:7309 d:s ref:0 ;
in:627 out:627 type:B dur:2 cpbdur:2 q:31.07 aq:23.82 tex:5014 mv:4274 misc:1528 imb:19 pmb:412 smb:7729 d:s ref:0 ;
in:626 out:628 type:b dur:2 cpbdur:2 q:31.12 aq:29.80 tex:1666 mv:1190 misc:872 imb:4 pmb:141 smb:8015 d:s ref:0 ;
in:628 out:629 type:b dur:2 cpbdur:2 q:31.03 aq:30.89 tex:1793 mv:1943 misc:1144 imb:13 pmb:215 smb:7932 d:- ref:0 ;
in:633 out:630 type:P dur:2 cpbdur:2 q:30.83 aq:18.20 tex:59944 mv:7335 misc:2073 imb:415 pmb:617 smb:7128 d:s ref:0 ;
in:631 out:631 type:B dur:2 cpbdur:2 q:30.91 aq:23.86 tex:7269 mv:5034 misc:1489 imb:157 pmb:325 smb:7678 d:t ref:0 ;
in:630 out:632 type:b dur:2 cpbdur:2 q:30.95 aq:24.55 tex:2813 mv:2476 misc:1111 imb:144 pmb:135 smb:7881 d:s ref:0 ;
in:632 out:633 type:b dur:2 cpbdur:2 q:30.87 aq:25.51 tex:1432 mv:1500 misc:940 imb:1 pmb:158 smb:8001 d:- ref:0 ;
in:637 out:634 type:P dur:2 cpbdur:2 q:30.70 aq:16.96 tex:78589 mv:7797 misc:2118 imb:310 pmb:680 smb:7170 d:s ref:0 ;
in:635 out:635 type:B dur:2 cpbdur:2 q:30.76 aq:25.87 tex:10618 mv:5516 misc:1642 imb:26 pmb:510 smb:7624 d:s ref:0 ;
in:634 out:636 type:b dur:2 cpbdur:2 q:30.79 aq:28.84 tex:1543 mv:2372 misc:1237 imb:13 pmb:255 smb:7892 d:s ref:0 ;
in:636 out:637 type:b dur:2 cpbdur:2 q:30.73 aq:27.58 tex:3117 mv:1258 misc:945 imb:7 pmb:160 smb:7993 d:- ref:0 ;
in:641 out:638 type:P dur:2 cpbdur:2 q:30.53 aq:20.11 tex:32520 mv:6286 misc:2050 imb:208 pmb:678 smb:7274 d:s ref:0 ;
in:639 out:639 type:B dur:2 cpbdur:2 q:30.62 aq:25.08 tex:2228 mv:4084 misc:1648 imb:16 pmb:398 smb:7746 d:s ref:0 ;
in:638 out:640 type:b dur:2 cpbdur:2 q:30.66 aq:25.83 tex:397 mv:1525 misc:1118 imb:9 pmb:225 smb:7926 d:s ref:0 ;
in:640 out:641 type:b dur:2 cpbdur:2 q:30.58 aq:28.21 tex:301 mv:393 misc:682 imb:6 pmb:45 smb:8109 d:- ref:0 ;
in:645 out:642 type:P dur:2 cpbdur:2 q:30.36 aq:21.87 tex:27764 mv:6106 misc:1954 imb:275 pmb:602 smb:7283 d:s ref:0 ;
in:643 out:643 type:B dur:2 cpbdur:2 q:30.45 aq:23.18 tex:3462 mv:3816 misc:1618 imb:141 pmb:292 smb:7727 d:t ref:0 ;
in:642 out:644 type:b dur:2 cpbdur:2 q:30.49 aq:25.83 tex:170 mv:267 misc:731 imb:2 pmb:79 smb:8079 d:s ref:0 ;
in:644 out:645 type:b dur:2 cpbdur:2 q:30.41 aq:22.10 tex:2503 mv:1398 misc:931 imb:55 pmb:137 smb:7968 d:- ref:0 ;
in:648 out:646 type:P dur:2 cpbdur:2 q:30.18 aq:18.01 tex:55645 mv:24581 misc:3566 imb:5235 pmb:1019 smb:1906 d:s ref:0 ;
in:646 out:647 type:B dur:2 cpbdur:2 q:30.30 aq:19.09 tex:3627 mv:3455 misc:3422 imb:50 pmb:879 smb:7231 d:s ref:0 ;
in:647 out:648 type:b dur:2 cpbdur:2 q:30.24 aq:19.19 tex:6152 mv:4899 misc:4109 imb:117 pmb:1338 smb:6705 d:- ref:0 ;
in:649 out:649 type:P dur:2 cpbdur:2 q:30.06 aq:19.27 tex:55411 mv:28300 misc:3793 imb:6116 pmb:994 smb:1050 d:s ref:0 w:6,63,0 ;
in:650 out:650 type:P dur:2 cpbdur:2 q:30.02 aq:21.84 tex:128670 mv:36160 misc:1914 imb:6301 pmb:1508 smb:351 d:s ref:0 w:4,15,5,6,60,8,71,-14 ;
in:651 out:651 type:P dur:2 cpbdur:2 q:30.00 aq:22.88 tex:133635 mv:43632 misc:1133 imb:6565 pmb:1519 smb:76 d:s ref:0 w:7,123,-2,4,16,0,21,-40 ;
in:652 out:652 type:P dur:2 cpbdur:2 q:29.99 aq:24.00 tex:200739 mv:49761 misc:788 imb:7001 pmb:1146 smb:13 d:s ref:0 w:6,63,-9,6,65,-3,87,-46 ;
in:653 out:653 type:P dur:2 cpbdur:2 q:29.98 aq:24.60 tex:195559 mv:55787 misc:902 imb:6690 pmb:1439 smb:31 d:s ref:0 w:6,69,-29,6,73,-19,85,-42 ;
in:654 out:654 type:P dur:2 cpbdur:2 q:29.98 aq:24.92 tex:187922 mv:58976 misc:1158 imb:6331 pmb:1750 smb:79 d:s ref:0 w:5,37,-44,5,39,-28,42,-40 ;
in:655 out:655 type:I dur:2 cpbdur:2 q:27.73 aq:22.82 tex:251822 mv:122618 misc:728 imb:8160 pmb:0 smb:0 d:s ref:w:5,37,-44,5,39,-28,42,-40 ;
in:656 out:656 type:P dur:2 cpbdur:2 q:30.09 aq:24.94 tex:120867 mv:52996 misc:4065 imb:4203 pmb:2830 smb:1127 d:s ref:0 w:6,77,-48,6,78,-28,79,-30 ;
in:660 out:657 type:P dur:2 cpbdur:2 q:30.16 aq:24.57 tex:226229 mv:67476 misc:1151 imb:5554 pmb:2517 smb:89 d:s ref:0 w:4,19,-42,5,38,-24,37,-21 ;
in:658 out:658 type:B dur:2 cpbdur:2 q:30.12 aq:25.22 tex:121043 mv:58536 misc:5821 imb:2074 pmb:3473 smb:2613 d:s ref:0 ;
in:657 out:659 type:b dur:2 cpbdur:2 q:30.11 aq:26.22 tex:58686 mv:32526 misc:6476 imb:726 pmb:2599 smb:4835 d:s ref:0 ;
in:659 out:660 type:b dur:2 cpbdur:2 q:30.14 aq:26.25 tex:40114 mv:30740 misc:6306 imb:380 pmb:2639 smb:5141 d:- ref:0 ;
in:664 out:661 type:P dur:2 cpbdur:2 q:30.33 aq:24.56 tex:203021 mv:58492 misc:3231 imb:4522 pmb:2478 smb:1160 d:s ref:0 ;
in:662 out:662 type:B dur:2 cpbdur:2 q:30.24 aq:25.38 tex:100774 mv:57981 misc:6157 imb:1530 pmb:3720 smb:2910 d:s ref:0 ;
in:661 out:663 type:b dur:2 cpbdur:2 q:30.20 aq:26.55 tex:49235 mv:38221 misc:6712 imb:724 pmb:2849 smb:4587 d:s ref:0 ;
in:663 out:664 type:b dur:2 cpbdur:2 q:30.29 aq:26.45 tex:44099 mv:34124 misc:6217 imb:744 pmb:2429 smb:4987 d:- ref:0 ;
in:668 out:665 type:P dur:2 cpbdur:2 q:30.36 aq:24.69 tex:190636 mv:58287 misc:3541 imb:4365 pmb:2411 smb:1384 d:s ref:0 ;
in:666 out:666 type:B dur:2 cpbdur:2 q:30.34 aq:25.32 tex:91299 mv:54737 misc:5940 imb:1729 pmb:3398 smb:3033 d:s ref:0 ;
in:665 out:667 type:b dur:2 cpbdur:2 q:30.34 aq:26.23 tex:57149 mv:39926 misc:6429 imb:1062 pmb:3092 smb:4006 d:s ref:0 ;
in:667 out:668 type:b dur:2 cpbdur:2 q:30.35 aq:26.85 tex:51191 mv:37452 misc:6165 imb:999 pmb:2582 smb:4579 d:- ref:0 ;
in:672 out:669 type:P dur:2 cpbdur:2 q:30.40 aq:24.99 tex:197366 mv:60785 misc:3073 imb:4430 pmb:2537 smb:1193 d:s ref:0 ;
in:670 out:670 type:B dur:2 cpbdur:2 q:30.38 aq:25.68 tex:83711 mv:53874 misc:6575 imb:1534 pmb:3493 smb:3133 d:s ref:0 ;
in:669 out:671 type:b dur:2 cpbdur:2 q:30.37 aq:26.53 tex:48945 mv:35023 misc:5992 imb:1006 pmb:2423 smb:4731 d:s ref:0 ;
in:671 out:672 type:b dur:2 cpbdur:2 q:30.39 aq:26.79 tex:39258 mv:32663 misc:6399 imb:683 pmb:2523 smb:4954 d:- ref:0 ;
in:676 out:673 type:P dur:2 cpbdur:2 q:30.47 aq:24.79 tex:205653 mv:61657 misc:3058 imb:4151 pmb:2733 smb:1276 d:s ref:0 ;
in:674 out:674 type:B dur:2 cpbdur:2 q:30.44 aq:25.57 tex:72805 mv:49321 misc:6778 imb:956 pmb:3670 smb:3534 d:s ref:0 ;
in:673 out:675 type:b dur:2 cpbdur:2 q:30.42 aq:26.69 tex:33369 mv:30063 misc:6616 imb:527 pmb:2522 smb:5111 d:s ref:0 ;
in:675 out:676 type:b dur:2 cpbdur:2 q:30.45 aq:26.74 tex:31434 mv:26241 misc:6309 imb:423 pmb:2337 smb:5400 d:- ref:0 ;
in:680 out:677 type:P dur:2 cpbdur:2 q:30.55 aq:25.29 tex:174478 mv:58464 misc:3434 imb:3703 pmb:2916 smb:1541 d:s ref:0 ;
in:678 out:678 type:B dur:2 cpbdur:2 q:30.51 aq:25.70 tex:61410 mv:39413 misc:7081 imb:694 pmb:3416 smb:4050 d:s ref:0 ;
in:677 out:679 type:b dur:2 cpbdur:2 q:30.49 aq:26.48 tex:29577 mv:26218 misc:6621 imb:403 pmb:2464 smb:5293 d:s ref:0 ;
in:679 out:680 type:b dur:2 cpbdur:2 q:30.53 aq:26.65 tex:25680 mv:23191 misc:6657 imb:251 pmb:2539 smb:5370 d:- ref:0 ;
in:683 out:681 type:P dur:2 cpbdur:2 q:30.53 aq:25.92 tex:155386 mv:54354 misc:3580 imb:3548 pmb:2875 smb:1737 d:s ref:0 ;
in:681 out:682 type:B dur:2 cpbdur:2 q:30.55 aq:25.80 tex:53101 mv:39641 misc:6882 imb:876 pmb:3380 smb:3904 d:s ref:0 ;
in:682 out:683 type:b dur:2 cpbdur:2 q:30.54 aq:26.47 tex:34419 mv:24758 misc:6959 imb:318 pmb:2819 smb:5023 d:- ref:0 ;
in:686 out:684 type:P dur:2 cpbdur:2 q:30.53 aq:26.74 tex:307346 mv:67179 misc:715 imb:6059 pmb:2100 smb:1 d:s ref:0 w:6,73,7,6,61,7,64,0 ;
in:684 out:685 type:B dur:2 cpbdur:2 q:30.53 aq:26.55 tex:93234 mv:39776 misc:7350 imb:1258 pmb:3602 smb:3300 d:s ref:0 ;
in:685 out:686 type:b dur:2 cpbdur:2 q:30.53 aq:26.89 tex:55715 mv:32902 misc:6831 imb:814 pmb:2766 smb:4580 d:- ref:0 ;
in:688 out:687 type:P dur:2 cpbdur:2 q:30.55 aq:19.29 tex:211564 mv:28854 misc:574 imb:7790 pmb:356 smb:14 d:s ref:0 ;
in:687 out:688 type:b dur:2 cpbdur:2 q:30.54 aq:27.39 tex:177789 mv:71246 misc:2749 imb:3485 pmb:3516 smb:1159 d:s ref:0 ;
in:691 out:689 type:P dur:2 cpbdur:2 q:30.56 aq:24.29 tex:174105 mv:44514 misc:957 imb:7002 pmb:645 smb:513 d:s ref:0 ;
in:689 out:690 type:B dur:2 cpbdur:2 q:30.56 aq:22.32 tex:56866 mv:33616 misc:5990 imb:1966 pmb:2570 smb:3624 d:s ref:0 ;
in:690 out:691 type:b dur:2 cpbdur:2 q:30.56 aq:23.46 tex:64073 mv:46658 misc:6005 imb:2318 pmb:3083 smb:2759 d:- ref:0 ;
in:693 out:692 type:P dur:2 cpbdur:2 q:30.59 aq:24.31 tex:194101 mv:54548 misc:1591 imb:6000 pmb:1457 smb:703 d:s ref:0 ;
in:692 out:693 type:b dur:2 cpbdur:2 q:30.58 aq:25.28 tex:50474 mv:38836 misc:7002 imb:1539 pmb:2828 smb:3793 d:s ref:0 ;
in:697 out:694 type:P dur:2 cpbdur:2 q:30.70 aq:23.96 tex:84486 mv:46712 misc:5186 imb:2862 pmb:2729 smb:2569 d:s ref:0 ;
in:695 out:695 type:B dur:2 cpbdur:2 q:30.64 aq:24.38 tex:21110 mv:23132 misc:7270 imb:497 pmb:2287 smb:5376 d:s ref:0 ;
in:694 out:696 type:b dur:2 cpbdur:2 q:30.62 aq:25.12 tex:12546 mv:17729 misc:6573 imb:292 pmb:1919 smb:5949 d:s ref:0 ;
in:696 out:697 type:b dur:2 cpbdur:2 q:30.67 aq:25.08 tex:13657 mv:19104 misc:6831 imb:350 pmb:2021 smb:5789 d:- ref:0 ;
in:701 out:698 type:P dur:2 cpbdur:2 q:30.78 aq:24.74 tex:98552 mv:51532 misc:4252 imb:3314 pmb:2796 smb:2050 d:s ref:0 ;
in:699 out:699 type:B dur:2 cpbdur:2 q:30.74 aq:24.68 tex:25285 mv:26649 misc:7274 imb:600 pmb:2494 smb:5066 d:s ref:0 ;
in:698 out:700 type:b dur:2 cpbdur:2 q:30.72 aq:25.29 tex:14098 mv:19721 misc:6853 imb:353 pmb:2106 smb:5701 d:s ref:0 ;
in:700 out:701 type:b dur:2 cpbdur:2 q:30.76 aq:25.23 tex:14514 mv:19819 misc:6811 imb:407 pmb:2146 smb:5607 d:- ref:0 ;
in:705 out:702 type:P dur:2 cpbdur:2 q:30.70 aq:24.42 tex:177311 mv:56425 misc:3664 imb:3990 pmb:2619 smb:1551 d:s ref:0 ;
in:703 out:703 type:B dur:2 cpbdur:2 q:30.74 aq:25.38 tex:36857 mv:35982 misc:6449 imb:956 pmb:2922 smb:4282 d:s ref:0 ;
in:702 out:704 type:b dur:2 cpbdur:2 q:30.76 aq:25.28 tex:14575 mv:20159 misc:6962 imb:330 pmb:2202 smb:5628 d:s ref:0 ;
in:704 out:705 type:b dur:2 cpbdur:2 q:30.72 aq:26.12 tex:15506 mv:18809 misc:6589 imb:419 pmb:1881 smb:5860 d:- ref:0 ;
in:709 out:706 type:P dur:2 cpbdur:2 q:30.62 aq:24.30 tex:122649 mv:42580 misc:6067 imb:1782 pmb:3433 smb:2945 d:s ref:0 ;
in:707 out:707 type:B dur:2 cpbdur:2 q:30.66 aq:25.41 tex:21960 mv:22308 misc:7268 imb:350 pmb:2394 smb:5416 d:s ref:0 ;
in:706 out:708 type:b dur:2 cpbdur:2 q:30.68 aq:26.18 tex:13649 mv:20177 misc:6990 imb:288 pmb:2168 smb:5704 d:s ref:0 ;
in:708 out:709 type:b dur:2 cpbdur:2 q:30.64 aq:26.36 tex:12894 mv:17664 misc:6466 imb:264 pmb:1875 smb:6021 d:- ref:0 ;
in:713 out:710 type:P dur:2 cpbdur:2 q:30.57 aq:24.25 tex:108004 mv:38468 misc:6400 imb:1842 pmb:3165 smb:3153 d:s ref:0 ;
in:711 out:711 type:B dur:2 cpbdur:2 q:30.59 aq:25.47 tex:29053 mv:19426 misc:6825 imb:345 pmb:2060 smb:5755 d:s ref:0 ;
in:710 out:712 type:b dur:2 cpbdur:2 q:30.60 aq:25.84 tex:11637 mv:17089 misc:6354 imb:309 pmb:1678 smb:6173 d:s ref:0 ;
in:712 out:713 type:b dur:2 cpbdur:2 q:30.58 aq:26.49 tex:22704 mv:17596 misc:6276 imb:287 pmb:1876 smb:5997 d:- ref:0 ;
in:717 out:714 type:P dur:2 cpbdur:2 q:30.49 aq:23.86 tex:88248 mv:39128 misc:6576 imb:1867 pmb:3359 smb:2934 d:s ref:0 ;
in:715 out:715 type:B dur:2 cpbdur:2 q:30.53 aq:24.94 tex:17885 mv:19859 misc:6920 imb:438 pmb:2048 smb:5674 d:s ref:0 ;
in:714 out:716 type:b dur:2 cpbdur:2 q:30.55 aq:25.76 tex:17928 mv:18862 misc:6210 imb:517 pmb:1654 smb:5989 d:s ref:0 ;
in:716 out:717 type:b dur:2 cpbdur:2 q:30.51 aq:25.74 tex:10662 mv:15258 misc:6256 imb:259 pmb:1603 smb:6298 d:- ref:0 ;
in:721 out:718 type:P dur:2 cpbdur:2 q:30.39 aq:23.90 tex:134630 mv:40913 misc:6481 imb:1700 pmb:3726 smb:2734 d:s ref:0 ;
in:719 out:719 type:B dur:2 cpbdur:2 q:30.44 aq:25.42 tex:27493 mv:20798 misc:7181 imb:371 pmb:2267 smb:5522 d:s ref:0 ;
in:718 out:720 type:b dur:2 cpbdur:2 q:30.46 aq:25.92 tex:14111 mv:15786 misc:6199 imb:294 pmb:1648 smb:6218 d:s ref:0 ;
in:720 out:721 type:b dur:2 cpbdur:2 q:30.42 aq:25.86 tex:12163 mv:15575 misc:6294 imb:257 pmb:1650 smb:6253 d:- ref:0 ;
in:725 out:722 type:P dur:2 cpbdur:2 q:30.32 aq:24.00 tex:136029 mv:36544 misc:7003 imb:1484 pmb:3492 smb:3184 d:s ref:0 ;
in:723 out:723 type:B dur:2 cpbdur:2 q:30.36 aq:25.22 tex:21766 mv:18682 misc:6808 imb:298 pmb:2134 smb:5728 d:t ref:0 ;
in:722 out:724 type:b dur:2 cpbdur:2 q:30.38 aq:25.91 tex:12420 mv:15195 misc:6201 imb:248 pmb:1616 smb:6296 d:s ref:0 ;
in:724 out:725 type:b dur:2 cpbdur:2 q:30.34 aq:25.74 tex:10890 mv:14174 misc:6000 imb:234 pmb:1517 smb:6409 d:- ref:0 ;
in:729 out:726 type:P dur:2 cpbdur:2 q:30.26 aq:23.99 tex:87817 mv:35409 misc:7054 imb:1366 pmb:3435 smb:3359 d:s ref:0 ;
in:727 out:727 type:B dur:2 cpbdur:2 q:30.29 aq:25.09 tex:18838 mv:17382 misc:6908 imb:303 pmb:2031 smb:5826 d:s ref:0 ;
in:726 out:728 type:b dur:2 cpbdur:2 q:30.31 aq:25.85 tex:11390 mv:16464 misc:6346 imb:276 pmb:1672 smb:6212 d:s ref:0 ;
in:728 out:729 type:b dur:2 cpbdur:2 q:30.28 aq:25.66 tex:11217 mv:13627 misc:6076 imb:224 pmb:1547 smb:6389 d:- ref:0 ;
in:733 out:730 type:P dur:2 cpbdur:2 q:30.17 aq:24.16 tex:79634 mv:35705 misc:7205 imb:1376 pmb:3416 smb:3368 d:s ref:0 ;
in:731 out:731 type:B dur:2 cpbdur:2 q:30.22 aq:24.93 tex:17281 mv:18690 misc:7021 imb:317 pmb:2090 smb:5753 d:s ref:0 ;
in:730 out:732 type:b dur:2 cpbdur:2 q:30.24 aq:25.57 tex:11885 mv:14412 misc:6055 imb:281 pmb:1518 smb:6361 d:s ref:0 ;
in:732 out:733 type:b dur:2 cpbdur:2 q:30.20 aq:25.51 tex:12069 mv:14162 misc:6265 imb:228 pmb:1624 smb:6308 d:- ref:0 ;
in:737 out:734 type:P dur:2 cpbdur:2 q:30.08 aq:24.36 tex:62599 mv:33439 misc:7402 imb:1479 pmb:3071 smb:3610 d:s ref:0 ;
in:735 out:735 type:B dur:2 cpbdur:2 q:30.12 aq:24.85 tex:20141 mv:18089 misc:6954 imb:342 pmb:2086 smb:5732 d:s ref:0 ;
in:734 out:736 type:b dur:2 cpbdur:2 q:30.15 aq:25.43 tex:13221 mv:15667 misc:6384 imb:278 pmb:1703 smb:6179 d:s ref:0 ;
in:736 out:737 type:b dur:2 cpbdur:2 q:30.10 aq:25.73 tex:13041 mv:16557 misc:6650 imb:279 pmb:1854 smb:6027 d:- ref:0 ;
in:741 out:738 type:P dur:2 cpbdur:2 q:29.97 aq:25.39 tex:39226 mv:22502 misc:6632 imb:1181 pmb:1694 smb:5285 d:s ref:0 ;
in:739 out:739 type:B dur:2 cpbdur:2 q:30.02 aq:24.98 tex:22344 mv:19098 misc:7142 imb:342 pmb:2211 smb:5607 d:s ref:0 ;
in:738 out:740 type:b dur:2 cpbdur:2 q:30.05 aq:25.42 tex:12526 mv:14983 misc:6299 imb:274 pmb:1630 smb:6256 d:s ref:0 ;
in:740 out:741 type:b dur:2 cpbdur:2 q:30.00 aq:25.81 tex:15430 mv:16827 misc:6727 imb:275 pmb:1893 smb:5992 d:- ref:0 ;
in:743 out:742 type:P dur:2 cpbdur:2 q:29.86 aq:25.71 tex:258347 mv:59107 misc:1298 imb:6627 pmb:1352 smb:181 d:s ref:0 ;
in:742 out:743 type:b dur:2 cpbdur:2 q:29.92 aq:26.45 tex:97145 mv:51347 misc:6940 imb:1841 pmb:3368 smb:2951 d:s ref:0 ;
in:745 out:744 type:P dur:2 cpbdur:2 q:29.84 aq:24.20 tex:248444 mv:58572 misc:1032 imb:6453 pmb:1594 smb:113 d:s ref:0 ;
in:744 out:745 type:b dur:2 cpbdur:2 q:29.85 aq:25.71 tex:110672 mv:46147 misc:6325 imb:1820 pmb:4089 smb:2251 d:s ref:0 ;
in:746 out:746 type:I dur:2 cpbdur:2 q:27.31 aq:24.24 tex:1262293 mv:255010 misc:689 imb:8160 pmb:0 smb:0 d:s ref:;
in:747 out:747 type:P dur:2 cpbdur:2 q:30.25 aq:27.49 tex:521406 mv:48685 misc:1149 imb:2632 pmb:5449 smb:79 d:s ref:0 w:7,127,-10,7,117,11,120,9 ;
in:748 out:748 type:P dur:2 cpbdur:2 q:30.35 aq:27.69 tex:547188 mv:51959 misc:949 imb:2553 pmb:5550 smb:57 d:s ref:0 w:7,127,-9,6,61,6,62,4 ;
in:749 out:749 type:P dur:2 cpbdur:2 q:30.44 aq:27.68 tex:343034 mv:45879 misc:1287 imb:2173 pmb:5880 smb:107 d:s ref:0 w:7,125,-5,7,122,6,123,5 ;
in:751 out:750 type:P dur:2 cpbdur:2 q:30.53 aq:25.46 tex:820763 mv:60888 misc:757 imb:3086 pmb:5067 smb:7 d:s ref:0 w:7,117,-1,7,118,10,123,5 ;
in:750 out:751 type:b dur:2 cpbdur:2 q:30.48 aq:30.36 tex:42900 mv:20154 misc:7130 imb:471 pmb:3069 smb:4620 d:s ref:0 ;
in:755 out:752 type:P dur:2 cpbdur:2 q:30.74 aq:25.39 tex:515044 mv:41584 misc:4084 imb:630 pmb:6209 smb:1321 d:s ref:0 ;
in:753 out:753 type:B dur:2 cpbdur:2 q:30.63 aq:28.42 tex:167699 mv:22059 misc:6978 imb:93 pmb:3958 smb:4109 d:s ref:0 ;
in:752 out:754 type:b dur:2 cpbdur:2 q:30.58 aq:30.85 tex:39021 mv:11563 misc:5576 imb:31 pmb:1900 smb:6229 d:s ref:0 ;
in:754 out:755 type:b dur:2 cpbdur:2 q:30.69 aq:28.33 tex:1457 mv:1745 misc:1934 imb:10 pmb:405 smb:7745 d:- ref:0 ;
in:759 out:756 type:P dur:2 cpbdur:2 q:31.29 aq:26.06 tex:471007 mv:36600 misc:5097 imb:431 pmb:5713 smb:2016 d:s ref:0 ;
in:757 out:757 type:B dur:2 cpbdur:2 q:31.02 aq:31.22 tex:50342 mv:10952 misc:4962 imb:30 pmb:1709 smb:6421 d:s ref:0 ;
in:756 out:758 type:b dur:2 cpbdur:2 q:30.88 aq:28.90 tex:1816 mv:2805 misc:3739 imb:8 pmb:850 smb:7302 d:s ref:0 ;
in:758 out:759 type:b dur:2 cpbdur:2 q:31.15 aq:27.55 tex:829 mv:1472 misc:1883 imb:14 pmb:394 smb:7752 d:- ref:0 ;
in:763 out:760 type:P dur:2 cpbdur:2 q:31.39 aq:25.95 tex:404597 mv:35451 misc:5144 imb:413 pmb:5640 smb:2107 d:s ref:0 ;
in:761 out:761 type:B dur:2 cpbdur:2 q:31.34 aq:29.09 tex:134581 mv:20551 misc:6164 imb:85 pmb:3101 smb:4974 d:s ref:0 ;
in:760 out:762 type:b dur:2 cpbdur:2 q:31.31 aq:28.37 tex:891 mv:1718 misc:2287 imb:12 pmb:471 smb:7677 d:s ref:0 ;
in:762 out:763 type:b dur:2 cpbdur:2 q:31.37 aq:32.06 tex:47234 mv:11823 misc:5063 imb:31 pmb:1903 smb:6226 d:- ref:0 ;
in:767 out:764 type:P dur:2 cpbdur:2 q:31.39 aq:26.15 tex:244508 mv:28866 misc:6122 imb:401 pmb:5133 smb:2626 d:s ref:0 ;
in:765 out:765 type:B dur:2 cpbdur:2 q:31.39 aq:29.68 tex:149764 mv:21832 misc:5900 imb:90 pmb:3040 smb:5030 d:s ref:0 ;
in:764 out:766 type:b dur:2 cpbdur:2 q:31.39 aq:28.05 tex:724 mv:2184 misc:3564 imb:7 pmb:853 smb:7300 d:s ref:0 ;
in:766 out:767 type:b dur:2 cpbdur:2 q:31.39 aq:29.63 tex:740 mv:1084 misc:1712 imb:7 pmb:339 smb:7814 d:- ref:0 ;
in:771 out:768 type:P dur:2 cpbdur:2 q:31.37 aq:26.56 tex:318285 mv:31977 misc:5578 imb:452 pmb:5095 smb:2613 d:s ref:0 ;
in:769 out:769 type:B dur:2 cpbdur:2 q:31.38 aq:31.94 tex:55043 mv:9434 misc:4595 imb:35 pmb:1597 smb:6528 d:s ref:0 ;
in:768 out:770 type:b dur:2 cpbdur:2 q:31.39 aq:29.31 tex:1086 mv:2292 misc:3574 imb:17 pmb:796 smb:7347 d:s ref:0 ;
in:770 out:771 type:b dur:2 cpbdur:2 q:31.38 aq:27.74 tex:2095 mv:2500 misc:3293 imb:28 pmb:760 smb:7372 d:- ref:0 ;
in:775 out:772 type:P dur:2 cpbdur:2 q:31.39 aq:26.50 tex:357334 mv:35297 misc:5609 imb:478 pmb:5370 smb:2312 d:s ref:0 ;
in:773 out:773 type:B dur:2 cpbdur:2 q:31.38 aq:29.53 tex:75789 mv:15552 misc:6275 imb:66 pmb:2595 smb:5499 d:s ref:0 ;
in:772 out:774 type:b dur:2 cpbdur:2 q:31.38 aq:27.05 tex:1206 mv:1603 misc:1359 imb:15 pmb:246 smb:7899 d:s ref:0 ;
in:774 out:775 type:b dur:2 cpbdur:2 q:31.38 aq:31.59 tex:65143 mv:13960 misc:5529 imb:54 pmb:2172 smb:5934 d:- ref:0 ;
in:779 out:776 type:P dur:2 cpbdur:2 q:31.37 aq:27.05 tex:278820 mv:31233 misc:6019 imb:392 pmb:4867 smb:2901 d:s ref:0 ;
in:777 out:777 type:B dur:2 cpbdur:2 q:31.38 aq:29.57 tex:129581 mv:18976 misc:6083 imb:69 pmb:3115 smb:4976 d:t ref:0 ;
in:776 out:778 type:b dur:2 cpbdur:2 q:31.38 aq:29.72 tex:1051 mv:1841 misc:1940 imb:31 pmb:387 smb:7742 d:s ref:0 ;
in:778 out:779 type:b dur:2 cpbdur:2 q:31.38 aq:29.68 tex:1817 mv:3353 misc:3982 imb:32 pmb:932 smb:7196 d:- ref:0 ;
in:782 out:780 type:P dur:2 cpbdur:2 q:31.35 aq:27.09 tex:316511 mv:32239 misc:5866 imb:473 pmb:4851 smb:2836 d:s ref:0 ;
in:780 out:781 type:B dur:2 cpbdur:2 q:31.37 aq:29.70 tex:56115 mv:12346 misc:5931 imb:44 pmb:2257 smb:5859 d:s ref:0 ;
in:781 out:782 type:b dur:2 cpbdur:2 q:31.36 aq:28.63 tex:1673 mv:3312 misc:3687 imb:25 pmb:889 smb:7246 d:- ref:0 ;
in:786 out:783 type:P dur:2 cpbdur:2 q:31.42 aq:29.24 tex:182024 mv:23857 misc:6223 imb:369 pmb:3638 smb:4153 d:s ref:0 ;
in:784 out:784 type:B dur:2 cpbdur:2 q:31.39 aq:29.28 tex:133469 mv:19995 misc:6600 imb:99 pmb:3583 smb:4478 d:s ref:0 ;
in:783 out:785 type:b dur:2 cpbdur:2 q:31.37 aq:27.48 tex:2141 mv:3498 misc:4225 imb:53 pmb:981 smb:7126 d:s ref:0 ;
in:785 out:786 type:b dur:2 cpbdur:2 q:31.40 aq:28.56 tex:4064 mv:3783 misc:3977 imb:46 pmb:922 smb:7192 d:- ref:0 ;
in:787 out:787 type:P dur:2 cpbdur:2 q:31.40 aq:29.58 tex:212305 mv:21968 misc:5815 imb:312 pmb:3585 smb:4263 d:s ref:0 ;
in:788 out:788 type:P dur:2 cpbdur:2 q:31.40 aq:29.56 tex:184320 mv:44428 misc:3620 imb:2243 pmb:5151 smb:766 d:s ref:0 w:6,65,5,6,64,0,61,5 ;
in:789 out:789 type:P dur:2 cpbdur:2 q:31.42 aq:29.77 tex:426632 mv:56218 misc:1214 imb:2560 pmb:5485 smb:115 d:s ref:0 w:6,65,8,5,33,-5,32,0 ;
in:791 out:790 type:P dur:2 cpbdur:2 q:31.49 aq:30.79 tex:353240 mv:56883 misc:845 imb:3518 pmb:4618 smb:24 d:s ref:0 w:6,67,10,6,67,-7,67,-6 ;
in:790 out:791 type:b dur:2 cpbdur:2 q:31.46 aq:31.12 tex:78293 mv:19621 misc:7702 imb:574 pmb:3527 smb:4059 d:s ref:0 ;
in:792 out:792 type:I dur:2 cpbdur:2 q:28.30 aq:23.52 tex:552557 mv:187769 misc:658 imb:8160 pmb:0 smb:0 d:s ref:;
in:793 out:793 type:P dur:2 cpbdur:2 q:31.63 aq:27.71 tex:106833 mv:43655 misc:3120 imb:3884 pmb:3701 smb:575 d:s ref:0 w:7,125,-9,6,61,7,63,3 ;
in:794 out:794 type:P dur:2 cpbdur:2 q:31.66 aq:28.09 tex:215147 mv:55255 misc:1062 imb:3929 pmb:4152 smb:79 d:s ref:0 w:7,125,-10,5,31,4,32,0 ;
in:797 out:795 type:P dur:2 cpbdur:2 q:31.75 aq:25.94 tex:563819 mv:70443 misc:754 imb:5321 pmb:2838 smb:1 d:s ref:0 w:7,107,-5,6,44,41,59,11 ;
in:795 out:796 type:B dur:2 cpbdur:2 q:31.69 aq:29.35 tex:56520 mv:24815 misc:7537 imb:643 pmb:2818 smb:4699 d:s ref:0 ;
in:796 out:797 type:b dur:2 cpbdur:2 q:31.72 aq:30.09 tex:57869 mv:28724 misc:7383 imb:579 pmb:3926 smb:3655 d:- ref:0 ;
in:801 out:798 type:P dur:2 cpbdur:2 q:31.94 aq:25.86 tex:145843 mv:37207 misc:5862 imb:494 pmb:4927 smb:2739 d:s ref:0 ;
in:799 out:799 type:B dur:2 cpbdur:2 q:31.84 aq:28.33 tex:16327 mv:16379 misc:6190 imb:58 pmb:2027 smb:6075 d:s ref:0 ;
in:798 out:800 type:b dur:2 cpbdur:2 q:31.80 aq:29.46 tex:7698 mv:10595 misc:4939 imb:28 pmb:1348 smb:6784 d:s ref:0 ;
in:800 out:801 type:b dur:2 cpbdur:2 q:31.89 aq:29.80 tex:5600 mv:7998 misc:4234 imb:23 pmb:1077 smb:7060 d:- ref:0 ;
in:805 out:802 type:P dur:2 cpbdur:2 q:32.03 aq:26.20 tex:119485 mv:40911 misc:6084 imb:624 pmb:5041 smb:2495 d:s ref:0 ;
in:803 out:803 type:B dur:2 cpbdur:2 q:31.98 aq:28.29 tex:13936 mv:15415 misc:6041 imb:56 pmb:1903 smb:6201 d:s ref:0 ;
in:802 out:804 type:b dur:2 cpbdur:2 q:31.96 aq:29.01 tex:4287 mv:7159 misc:3514 imb:21 pmb:794 smb:7345 d:s ref:0 ;
in:804 out:805 type:b dur:2 cpbdur:2 q:32.00 aq:29.28 tex:4360 mv:6526 misc:3810 imb:29 pmb:876 smb:7255 d:- ref:0 ;
in:809 out:806 type:P dur:2 cpbdur:2 q:31.94 aq:26.09 tex:115199 mv:41529 misc:6008 imb:693 pmb:5008 smb:2459 d:s ref:0 ;
in:807 out:807 type:B dur:2 cpbdur:2 q:31.98 aq:28.46 tex:12764 mv:16179 misc:6377 imb:64 pmb:1988 smb:6108 d:s ref:0 ;
in:806 out:808 type:b dur:2 cpbdur:2 q:32.00 aq:29.88 tex:5582 mv:9453 misc:4421 imb:34 pmb:1086 smb:7040 d:s ref:0 ;
in:808 out:809 type:b dur:2 cpbdur:2 q:31.96 aq:29.56 tex:5266 mv:7720 misc:4262 imb:39 pmb:1002 smb:7119 d:- ref:0 ;
in:813 out:810 type:P dur:2 cpbdur:2 q:31.86 aq:26.24 tex:100404 mv:39144 misc:6540 imb:712 pmb:4725 smb:2723 d:s ref:0 ;
in:811 out:811 type:B dur:2 cpbdur:2 q:31.90 aq:28.25 tex:13823 mv:13894 misc:6131 imb:75 pmb:1805 smb:6280 d:s ref:0 ;
in:810 out:812 type:b dur:2 cpbdur:2 q:31.92 aq:29.93 tex:4902 mv:8876 misc:4334 imb:39 pmb:1023 smb:7098 d:s ref:0 ;
in:812 out:813 type:b dur:2 cpbdur:2 q:31.88 aq:29.44 tex:4474 mv:6684 misc:3730 imb:27 pmb:852 smb:7281 d:- ref:0 ;
in:817 out:814 type:P dur:2 cpbdur:2 q:31.76 aq:26.65 tex:75445 mv:34387 misc:6928 imb:614 pmb:4321 smb:3225 d:s ref:0 ;
in:815 out:815 type:B dur:2 cpbdur:2 q:31.81 aq:28.16 tex:13773 mv:14573 misc:6190 imb:66 pmb:1877 smb:6217 d:s ref:0 ;
in:814 out:816 type:b dur:2 cpbdur:2 q:31.84 aq:29.21 tex:4440 mv:7546 misc:4206 imb:47 pmb:983 smb:7130 d:s ref:0 ;
in:816 out:817 type:b dur:2 cpbdur:2 q:31.79 aq:29.48 tex:5440 mv:7937 misc:4423 imb:30 pmb:1073 smb:7057 d:- ref:0 ;
in:821 out:818 type:P dur:2 cpbdur:2 q:31.67 aq:27.96 tex:53794 mv:28042 misc:7124 imb:483 pmb:3422 smb:4255 d:s ref:0 ;
in:819 out:819 type:B dur:2 cpbdur:2 q:31.72 aq:28.23 tex:19973 mv:16812 misc:6511 imb:112 pmb:2134 smb:5914 d:t ref:0 ;
in:818 out:820 type:b dur:2 cpbdur:2 q:31.74 aq:30.01 tex:4932 mv:7083 misc:4113 imb:18 pmb:987 smb:7155 d:s ref:0 ;
in:820 out:821 type:b dur:2 cpbdur:2 q:31.70 aq:29.26 tex:7764 mv:7822 misc:4422 imb:59 pmb:1090 smb:7011 d:- ref:0 ;
in:824 out:822 type:P dur:2 cpbdur:2 q:31.56 aq:29.55 tex:223779 mv:59336 misc:821 imb:5240 pmb:2902 smb:18 d:s ref:0 w:5,35,17,5,41,-37,31,3 ;
in:822 out:823 type:B dur:2 cpbdur:2 q:31.64 aq:29.01 tex:29996 mv:11925 misc:5847 imb:123 pmb:1741 smb:6296 d:s ref:0 ;
in:823 out:824 type:b dur:2 cpbdur:2 q:31.60 aq:29.29 tex:18242 mv:10381 misc:4737 imb:145 pmb:1173 smb:6842 d:- ref:0 ;
in:825 out:825 type:I dur:2 cpbdur:2 q:28.77 aq:24.55 tex:443655 mv:155409 misc:696 imb:8160 pmb:0 smb:0 d:s ref:;
in:827 out:826 type:P dur:2 cpbdur:2 q:31.60 aq:26.18 tex:497767 mv:62919 misc:770 imb:6213 pmb:1947 smb:0 d:s ref:0 w:6,51,-17,7,83,44,104,26 ;
in:826 out:827 type:b dur:2 cpbdur:2 q:31.60 aq:29.66 tex:112420 mv:35781 misc:5711 imb:1771 pmb:3702 smb:2687 d:s ref:0 ;
in:831 out:828 type:P dur:2 cpbdur:2 q:31.66 aq:25.48 tex:123321 mv:28362 misc:6021 imb:1676 pmb:3091 smb:3393 d:s ref:0 ;
in:829 out:829 type:B dur:2 cpbdur:2 q:31.63 aq:29.22 tex:22104 mv:10842 misc:5614 imb:49 pmb:1624 smb:6487 d:s ref:0 ;
in:828 out:830 type:b dur:2 cpbdur:2 q:31.61 aq:30.07 tex:7265 mv:6628 misc:3811 imb:12 pmb:933 smb:7215 d:s ref:0 ;
in:830 out:831 type:b dur:2 cpbdur:2 q:31.64 aq:28.77 tex:10175 mv:5362 misc:3447 imb:32 pmb:810 smb:7318 d:- ref:0 ;
in:835 out:832 type:P dur:2 cpbdur:2 q:31.74 aq:21.30 tex:87969 mv:24873 misc:4350 imb:3320 pmb:1960 smb:2880 d:s ref:0 ;
in:833 out:833 type:B dur:2 cpbdur:2 q:31.70 aq:26.75 tex:35931 mv:11122 misc:4979 imb:166 pmb:1658 smb:6336 d:s ref:0 ;
in:832 out:834 type:b dur:2 cpbdur:2 q:31.68 aq:28.39 tex:11249 mv:5747 misc:3396 imb:43 pmb:876 smb:7241 d:s ref:0 ;
in:834 out:835 type:b dur:2 cpbdur:2 q:31.72 aq:24.52 tex:8758 mv:4921 misc:3049 imb:39 pmb:931 smb:7190 d:- ref:0 ;
in:836 out:836 type:P dur:2 cpbdur:2 q:31.69 aq:21.04 tex:37863 mv:8056 misc:4161 imb:847 pmb:1106 smb:6207 d:s ref:0 ;
in:840 out:837 type:P dur:2 cpbdur:2 q:31.66 aq:17.93 tex:62504 mv:9359 misc:2281 imb:2520 pmb:456 smb:5184 d:s ref:0 ;
in:838 out:838 type:B dur:2 cpbdur:2 q:31.67 aq:27.88 tex:18259 mv:4424 misc:2181 imb:137 pmb:542 smb:7481 d:s ref:0 ;
in:837 out:839 type:b dur:2 cpbdur:2 q:31.68 aq:28.75 tex:10565 mv:2933 misc:1822 imb:57 pmb:389 smb:7714 d:s ref:0 ;
in:839 out:840 type:b dur:2 cpbdur:2 q:31.67 aq:25.19 tex:5889 mv:5071 misc:2184 imb:51 pmb:744 smb:7365 d:- ref:0 ;
in:844 out:841 type:P dur:2 cpbdur:2 q:31.55 aq:17.96 tex:37806 mv:8106 misc:1896 imb:1728 pmb:238 smb:6194 d:s ref:0 ;
in:842 out:842 type:B dur:2 cpbdur:2 q:31.61 aq:24.47 tex:11829 mv:3111 misc:1492 imb:62 pmb:371 smb:7727 d:s ref:0 ;
in:841 out:843 type:b dur:2 cpbdur:2 q:31.63 aq:30.14 tex:4482 mv:3391 misc:1183 imb:34 pmb:303 smb:7823 d:s ref:0 ;
in:843 out:844 type:b dur:2 cpbdur:2 q:31.58 aq:23.20 tex:1978 mv:1881 misc:1365 imb:13 pmb:309 smb:7838 d:- ref:0 ;
in:848 out:845 type:P dur:2 cpbdur:2 q:31.44 aq:19.09 tex:50007 mv:6555 misc:2134 imb:555 pmb:401 smb:7204 d:s ref:0 ;
in:846 out:846 type:B dur:2 cpbdur:2 q:31.49 aq:25.56 tex:11001 mv:5535 misc:1376 imb:166 pmb:467 smb:7527 d:s ref:0 ;
in:845 out:847 type:b dur:2 cpbdur:2 q:31.52 aq:25.78 tex:3839 mv:3514 misc:1375 imb:106 pmb:303 smb:7751 d:s ref:0 ;
in:847 out:848 type:b dur:2 cpbdur:2 q:31.47 aq:21.36 tex:1818 mv:1734 misc:1072 imb:9 pmb:187 smb:7964 d:- ref:0 ;
in:852 out:849 type:P dur:2 cpbdur:2 q:31.29 aq:17.80 tex:72132 mv:6812 misc:1632 imb:458 pmb:407 smb:7295 d:s ref:0 ;
in:850 out:850 type:B dur:2 cpbdur:2 q:31.36 aq:24.87 tex:9985 mv:4612 misc:1291 imb:42 pmb:441 smb:7677 d:t ref:0 ;
in:849 out:851 type:b dur:2 cpbdur:2 q:31.40 aq:19.94 tex:1977 mv:2475 misc:1212 imb:9 pmb:242 smb:7909 d:s ref:0 ;
in:851 out:852 type:b dur:2 cpbdur:2 q:31.33 aq:22.13 tex:3323 mv:2787 misc:1154 imb:20 pmb:268 smb:7872 d:- ref:0 ;
in:856 out:853 type:P dur:2 cpbdur:2 q:31.18 aq:20.01 tex:71513 mv:6462 misc:1569 imb:537 pmb:520 smb:7103 d:s ref:0 w:6,69,-18 ;
in:854 out:854 type:B dur:2 cpbdur:2 q:31.23 aq:23.47 tex:7961 mv:3708 misc:1283 imb:42 pmb:338 smb:7780 d:s ref:0 ;
in:853 out:855 type:b dur:2 cpbdur:2 q:31.26 aq:30.04 tex:2732 mv:2336 misc:1036 imb:15 pmb:274 smb:7871 d:s ref:0 ;
in:855 out:856 type:b dur:2 cpbdur:2 q:31.21 aq:20.02 tex:1732 mv:1542 misc:918 imb:31 pmb:128 smb:8001 d:- ref:0 ;
in:860 out:857 type:P dur:2 cpbdur:2 q:31.05 aq:23.62 tex:27658 mv:5009 misc:1533 imb:394 pmb:475 smb:7291 d:s ref:0 w:6,65,-4 ;
in:858 out:858 type:B dur:2 cpbdur:2 q:31.11 aq:26.96 tex:4001 mv:3270 misc:1137 imb:31 pmb:277 smb:7852 d:s ref:0 ;
in:857 out:859 type:b dur:2 cpbdur:2 q:31.15 aq:19.20 tex:1781 mv:1139 misc:808 imb:21 pmb:96 smb:8043 d:s ref:0 ;
in:859 out:860 type:b dur:2 cpbdur:2 q:31.08 aq:23.14 tex:595 mv:1528 misc:909 imb:11 pmb:154 smb:7995 d:- ref:0 ;
in:862 out:861 type:P dur:2 cpbdur:2 q:30.94 aq:23.37 tex:9357 mv:2571 misc:1384 imb:68 pmb:336 smb:7756 d:s ref:0 ;
in:861 out:862 type:b dur:2 cpbdur:2 q:31.00 aq:27.35 tex:575 mv:801 misc:896 imb:12 pmb:120 smb:8028 d:t ref:0 ;
in:863 out:863 type:P dur:2 cpbdur:2 q:30.87 aq:18.81 tex:35621 mv:21906 misc:3489 imb:5301 pmb:1693 smb:1166 d:s ref:0 w:6,63,2,5,31,3,32,0 ;
in:864 out:864 type:P dur:2 cpbdur:2 q:30.84 aq:20.57 tex:54603 mv:27394 misc:3499 imb:6362 pmb:803 smb:995 d:s ref:0 w:7,123,5,5,31,4,32,0 ;
in:867 out:865 type:P dur:2 cpbdur:2 q:30.79 aq:25.51 tex:247436 mv:41946 misc:682 imb:7830 pmb:330 smb:0 d:s ref:0 w:3,7,-2,6,48,30,109,-91 ;
in:865 out:866 type:B dur:2 cpbdur:2 q:30.83 aq:23.01 tex:84448 mv:46510 misc:4130 imb:5600 pmb:1352 smb:1208 d:s ref:0 ;
in:866 out:867 type:b dur:2 cpbdur:2 q:30.81 aq:24.24 tex:49903 mv:30356 misc:6733 imb:3397 pmb:1386 smb:3377 d:- ref:0 ;
in:869 out:868 type:P dur:2 cpbdur:2 q:30.74 aq:27.05 tex:314954 mv:59386 misc:924 imb:6249 pmb:1885 smb:26 d:s ref:0 w:6,83,-90,6,61,5,87,-47 ;
in:868 out:869 type:b dur:2 cpbdur:2 q:30.77 aq:26.38 tex:42410 mv:18722 misc:7044 imb:1702 pmb:1606 smb:4852 d:s ref:0 ;
in:871 out:870 type:P dur:2 cpbdur:2 q:30.76 aq:28.16 tex:500367 mv:70551 misc:802 imb:5338 pmb:2807 smb:15 d:s ref:0 w:5,47,-116,4,16,0,19,-26 ;
in:870 out:871 type:b dur:2 cpbdur:2 q:30.75 aq:28.73 tex:89002 mv:18239 misc:7223 imb:914 pmb:3171 smb:4075 d:s ref:0 ;
in:872 out:872 type:P dur:2 cpbdur:2 q:30.89 aq:28.44 tex:460791 mv:66150 misc:1907 imb:2977 pmb:4867 smb:316 d:s ref:0 w:6,75,-37,4,16,0,17,-9 ;
in:876 out:873 type:P dur:2 cpbdur:2 q:30.96 aq:26.55 tex:1053514 mv:80521 misc:733 imb:5368 pmb:2792 smb:0 d:s ref:0 ;
in:874 out:874 type:B dur:2 cpbdur:2 q:30.92 aq:29.29 tex:295117 mv:49825 misc:5682 imb:938 pmb:5249 smb:1973 d:s ref:0 ;
in:873 out:875 type:b dur:2 cpbdur:2 q:30.90 aq:30.58 tex:62176 mv:24877 misc:6659 imb:222 pmb:2471 smb:5467 d:s ref:0 ;
in:875 out:876 type:b dur:2 cpbdur:2 q:30.94 aq:30.93 tex:79499 mv:29451 misc:7122 imb:204 pmb:3069 smb:4887 d:- ref:0 ;
in:880 out:877 type:P dur:2 cpbdur:2 q:31.33 aq:26.92 tex:454874 mv:51012 misc:4258 imb:897 pmb:5938 smb:1325 d:s ref:0 ;
in:878 out:878 type:B dur:2 cpbdur:2 q:31.15 aq:29.95 tex:126573 mv:38158 misc:7029 imb:197 pmb:3992 smb:3971 d:s ref:0 ;
in:877 out:879 type:b dur:2 cpbdur:2 q:31.05 aq:32.11 tex:60960 mv:24094 misc:6434 imb:73 pmb:2627 smb:5460 d:s ref:0 ;
in:879 out:880 type:b dur:2 cpbdur:2 q:31.24 aq:31.95 tex:69283 mv:23625 misc:5764 imb:74 pmb:2429 smb:5657 d:- ref:0 ;
in:884 out:881 type:P dur:2 cpbdur:2 q:31.61 aq:27.05 tex:455710 mv:53972 misc:4270 imb:914 pmb:5901 smb:1345 d:s ref:0 ;
in:882 out:882 type:B dur:2 cpbdur:2 q:31.47 aq:30.01 tex:117428 mv:37903 misc:6901 imb:124 pmb:3861 smb:4175 d:s ref:0 ;
in:881 out:883 type:b dur:2 cpbdur:2 q:31.40 aq:32.76 tex:41546 mv:24924 misc:6138 imb:51 pmb:2348 smb:5761 d:s ref:0 ;
in:883 out:884 type:b dur:2 cpbdur:2 q:31.54 aq:32.64 tex:49801 mv:22319 misc:5576 imb:64 pmb:2198 smb:5898 d:- ref:0 ;
in:888 out:885 type:P dur:2 cpbdur:2 q:31.73 aq:27.31 tex:427425 mv:51498 misc:4629 imb:766 pmb:5835 smb:1559 d:s ref:0 ;
in:886 out:886 type:B dur:2 cpbdur:2 q:31.67 aq:30.84 tex:101731 mv:34874 misc:6691 imb:134 pmb:3630 smb:4396 d:s ref:0 ;
in:885 out:887 type:b dur:2 cpbdur:2 q:31.64 aq:32.91 tex:37846 mv:20703 misc:5699 imb:55 pmb:2128 smb:5977 d:s ref:0 ;
in:887 out:888 type:b dur:2 cpbdur:2 q:31.70 aq:33.25 tex:38118 mv:19847 misc:5411 imb:42 pmb:2057 smb:6061 d:- ref:0 ;
in:892 out:889 type:P dur:2 cpbdur:2 q:31.83 aq:27.54 tex:381933 mv:47724 misc:4991 imb:719 pmb:5584 smb:1857 d:s ref:0 ;
in:890 out:890 type:B dur:2 cpbdur:2 q:31.78 aq:31.05 tex:86167 mv:32848 misc:6617 imb:89 pmb:3340 smb:4731 d:s ref:0 ;
in:889 out:891 type:b dur:2 cpbdur:2 q:31.75 aq:33.03 tex:18523 mv:15698 misc:4483 imb:34 pmb:1413 smb:6713 d:s ref:0 ;
in:891 out:892 type:b dur:2 cpbdur:2 q:31.81 aq:33.20 tex:25178 mv:18660 misc:5754 imb:44 pmb:1890 smb:6226 d:- ref:0 ;
in:896 out:893 type:P dur:2 cpbdur:2 q:31.87 aq:27.90 tex:351758 mv:47072 misc:5066 imb:816 pmb:5334 smb:2010 d:s ref:0 ;
in:894 out:894 type:B dur:2 cpbdur:2 q:31.85 aq:31.13 tex:86353 mv:31308 misc:6747 imb:107 pmb:3399 smb:4654 d:s ref:0 ;
in:893 out:895 type:b dur:2 cpbdur:2 q:31.84 aq:33.16 tex:34328 mv:18025 misc:4863 imb:49 pmb:1824 smb:6287 d:s ref:0 ;
in:895 out:896 type:b dur:2 cpbdur:2 q:31.86 aq:33.06 tex:33674 mv:17257 misc:5157 imb:50 pmb:1783 smb:6327 d:- ref:0 ;
in:900 out:897 type:P dur:2 cpbdur:2 q:31.91 aq:27.36 tex:474704 mv:62707 misc:2413 imb:1636 pmb:5990 smb:534 d:s ref:0 ;
in:898 out:898 type:B dur:2 cpbdur:2 q:31.89 aq:30.53 tex:118734 mv:35421 misc:6781 imb:168 pmb:3645 smb:4347 d:s ref:0 ;
in:897 out:899 type:b dur:2 cpbdur:2 q:31.88 aq:32.67 tex:31960 mv:19502 misc:5466 imb:67 pmb:1851 smb:6242 d:s ref:0 ;
in:899 out:900 type:b dur:2 cpbdur:2 q:31.90 aq:32.57 tex:45787 mv:21698 misc:6331 imb:71 pmb:2439 smb:5650 d:- ref:0 ;
in:904 out:901 type:P dur:2 cpbdur:2 q:32.00 aq:27.40 tex:351969 mv:50230 misc:4393 imb:1086 pmb:5473 smb:1601 d:s ref:0 ;
in:902 out:902 type:B dur:2 cpbdur:2 q:31.95 aq:30.94 tex:87006 mv:31992 misc:6682 imb:102 pmb:3285 smb:4773 d:s ref:0 ;
in:901 out:903 type:b dur:2 cpbdur:2 q:31.93 aq:32.92 tex:39266 mv:19516 misc:5322 imb:34 pmb:1994 smb:6132 d:s ref:0 ;
in:903 out:904 type:b dur:2 cpbdur:2 q:31.98 aq:32.39 tex:31041 mv:18178 misc:5589 imb:81 pmb:1851 smb:6228 d:- ref:0 ;
in:908 out:905 type:P dur:2 cpbdur:2 q:32.08 aq:27.27 tex:363936 mv:51501 misc:4627 imb:1042 pmb:5325 smb:1793 d:s ref:0 ;
in:906 out:906 type:B dur:2 cpbdur:2 q:32.04 aq:30.99 tex:89050 mv:33537 misc:6637 imb:211 pmb:3228 smb:4721 d:s ref:0 ;
in:905 out:907 type:b dur:2 cpbdur:2 q:32.02 aq:32.59 tex:32422 mv:19711 misc:5411 imb:101 pmb:1830 smb:6229 d:s ref:0 ;
in:907 out:908 type:b dur:2 cpbdur:2 q:32.06 aq:33.16 tex:25507 mv:17775 misc:5134 imb:90 pmb:1639 smb:6431 d:- ref:0 ;
in:912 out:909 type:P dur:2 cpbdur:2 q:32.12 aq:27.16 tex:401359 mv:51819 misc:4646 imb:994 pmb:5346 smb:1820 d:s ref:0 ;
in:910 out:910 type:B dur:2 cpbdur:2 q:32.10 aq:30.86 tex:92169 mv:31863 misc:6616 imb:141 pmb:3126 smb:4893 d:s ref:0 ;
in:909 out:911 type:b dur:2 cpbdur:2 q:32.09 aq:33.18 tex:32648 mv:19723 misc:5389 imb:59 pmb:1856 smb:6245 d:s ref:0 ;
in:911 out:912 type:b dur:2 cpbdur:2 q:32.11 aq:32.65 tex:23658 mv:14439 misc:4991 imb:54 pmb:1513 smb:6593 d:- ref:0 ;
in:916 out:913 type:P dur:2 cpbdur:2 q:32.18 aq:27.06 tex:342194 mv:50531 misc:4795 imb:800 pmb:5555 smb:1805 d:s ref:0 ;
in:914 out:914 type:B dur:2 cpbdur:2 q:32.15 aq:30.81 tex:66520 mv:27598 misc:6530 imb:115 pmb:2858 smb:5187 d:t ref:0 ;
in:913 out:915 type:b dur:2 cpbdur:2 q:32.13 aq:32.95 tex:17403 mv:15024 misc:5229 imb:43 pmb:1505 smb:6612 d:s ref:0 ;
in:915 out:916 type:b dur:2 cpbdur:2 q:32.16 aq:33.09 tex:19685 mv:14505 misc:5090 imb:46 pmb:1523 smb:6591 d:- ref:0 ;
in:920 out:917 type:P dur:2 cpbdur:2 q:32.24 aq:27.18 tex:327606 mv:48378 misc:4904 imb:862 pmb:5314 smb:1984 d:s ref:0 ;
in:918 out:918 type:B dur:2 cpbdur:2 q:32.21 aq:31.18 tex:53324 mv:27819 misc:6425 imb:131 pmb:2739 smb:5290 d:s ref:0 ;
in:917 out:919 type:b dur:2 cpbdur:2 q:32.19 aq:32.47 tex:20368 mv:17265 misc:5375 imb:65 pmb:1741 smb:6354 d:s ref:0 ;
in:919 out:920 type:b dur:2 cpbdur:2 q:32.23 aq:32.33 tex:11838 mv:13392 misc:4562 imb:50 pmb:1250 smb:6860 d:- ref:0 ;
in:924 out:921 type:P dur:2 cpbdur:2 q:32.27 aq:27.17 tex:331176 mv:48778 misc:4942 imb:735 pmb:5400 smb:2025 d:s ref:0 ;
in:922 out:922 type:B dur:2 cpbdur:2 q:32.25 aq:31.19 tex:54584 mv:27978 misc:6574 imb:116 pmb:2757 smb:5287 d:t ref:0 ;
in:921 out:923 type:b dur:2 cpbdur:2 q:32.25 aq:32.11 tex:11916 mv:14156 misc:4824 imb:50 pmb:1316 smb:6794 d:s ref:0 ;
in:923 out:924 type:b dur:2 cpbdur:2 q:32.26 aq:32.80 tex:11309 mv:13379 misc:4536 imb:42 pmb:1237 smb:6881 d:- ref:0 ;
in:928 out:925 type:P dur:2 cpbdur:2 q:32.27 aq:27.09 tex:291359 mv:43966 misc:5251 imb:575 pmb:5288 smb:2297 d:s ref:0 ;
in:926 out:926 type:B dur:2 cpbdur:2 q:32.27 aq:31.11 tex:41632 mv:24132 misc:6300 imb:71 pmb:2539 smb:5550 d:s ref:0 ;
in:925 out:927 type:b dur:2 cpbdur:2 q:32.27 aq:32.18 tex:10120 mv:12926 misc:4562 imb:35 pmb:1323 smb:6802 d:s ref:0 ;
in:927 out:928 type:b dur:2 cpbdur:2 q:32.27 aq:32.51 tex:9980 mv:13510 misc:4526 imb:48 pmb:1270 smb:6842 d:- ref:0 ;
in:932 out:929 type:P dur:2 cpbdur:2 q:32.27 aq:27.25 tex:295573 mv:43595 misc:5072 imb:687 pmb:5175 smb:2298 d:s ref:0 ;
in:930 out:930 type:B dur:2 cpbdur:2 q:32.27 aq:31.13 tex:46861 mv:26150 misc:6317 imb:103 pmb:2576 smb:5481 d:s ref:0 ;
in:929 out:931 type:b dur:2 cpbdur:2 q:32.27 aq:32.81 tex:11235 mv:13593 misc:4772 imb:30 pmb:1368 smb:6762 d:s ref:0 ;
in:931 out:932 type:b dur:2 cpbdur:2 q:32.27 aq:32.74 tex:14193 mv:12792 misc:4487 imb:48 pmb:1306 smb:6806 d:- ref:0 ;
in:936 out:933 type:P dur:2 cpbdur:2 q:32.28 aq:27.25 tex:262365 mv:41449 misc:5314 imb:624 pmb:5163 smb:2373 d:s ref:0 ;
in:934 out:934 type:B dur:2 cpbdur:2 q:32.27 aq:31.21 tex:50003 mv:23090 misc:6203 imb:116 pmb:2492 smb:5552 d:s ref:0 ;
in:933 out:935 type:b dur:2 cpbdur:2 q:32.27 aq:32.95 tex:9979 mv:15355 misc:4866 imb:45 pmb:1612 smb:6503 d:s ref:0 ;
in:935 out:936 type:b dur:2 cpbdur:2 q:32.28 aq:33.19 tex:9104 mv:10614 misc:4034 imb:43 pmb:1042 smb:7075 d:- ref:0 ;
in:940 out:937 type:P dur:2 cpbdur:2 q:32.28 aq:27.32 tex:254889 mv:41522 misc:5381 imb:563 pmb:5200 smb:2397 d:s ref:0 ;
in:938 out:938 type:B dur:2 cpbdur:2 q:32.28 aq:31.50 tex:39317 mv:22248 misc:5723 imb:98 pmb:2199 smb:5863 d:s ref:0 ;
in:937 out:939 type:b dur:2 cpbdur:2 q:32.28 aq:32.75 tex:11685 mv:11067 misc:4192 imb:39 pmb:1154 smb:6967 d:s ref:0 ;
in:939 out:940 type:b dur:2 cpbdur:2 q:32.28 aq:32.82 tex:13317 mv:12398 misc:4469 imb:54 pmb:1270 smb:6836 d:- ref:0 ;
in:944 out:941 type:P dur:2 cpbdur:2 q:32.25 aq:27.46 tex:244965 mv:42242 misc:5473 imb:804 pmb:4941 smb:2415 d:s ref:0 ;
in:942 out:942 type:B dur:2 cpbdur:2 q:32.27 aq:31.71 tex:50414 mv:24655 misc:6227 imb:215 pmb:2501 smb:5444 d:s ref:0 ;
in:941 out:943 type:b dur:2 cpbdur:2 q:32.28 aq:33.38 tex:16060 mv:14365 misc:4975 imb:57 pmb:1550 smb:6553 d:s ref:0 ;
in:943 out:944 type:b dur:2 cpbdur:2 q:32.26 aq:32.86 tex:21196 mv:16398 misc:5014 imb:102 pmb:1573 smb:6485 d:- ref:0 ;
in:948 out:945 type:P dur:2 cpbdur:2 q:32.23 aq:27.69 tex:282196 mv:41719 misc:5429 imb:817 pmb:4759 smb:2584 d:s ref:0 ;
in:946 out:946 type:B dur:2 cpbdur:2 q:32.24 aq:31.41 tex:57334 mv:26803 misc:5943 imb:156 pmb:2458 smb:5546 d:s ref:0 ;
in:945 out:947 type:b dur:2 cpbdur:2 q:32.25 aq:32.66 tex:22100 mv:16039 misc:4709 imb:87 pmb:1417 smb:6656 d:s ref:0 ;
in:947 out:948 type:b dur:2 cpbdur:2 q:32.24 aq:32.60 tex:16213 mv:13138 misc:4193 imb:59 pmb:1219 smb:6882 d:- ref:0 ;
in:952 out:949 type:P dur:2 cpbdur:2 q:32.24 aq:27.55 tex:307746 mv:41585 misc:5509 imb:932 pmb:4593 smb:2635 d:s ref:0 ;
in:950 out:950 type:B dur:2 cpbdur:2 q:32.24 aq:31.24 tex:65200 mv:25908 misc:5820 imb:154 pmb:2389 smb:5617 d:s ref:0 ;
in:949 out:951 type:b dur:2 cpbdur:2 q:32.23 aq:33.15 tex:21671 mv:16511 misc:4562 imb:54 pmb:1534 smb:6572 d:s ref:0 ;
in:951 out:952 type:b dur:2 cpbdur:2 q:32.24 aq:33.04 tex:19034 mv:15113 misc:4341 imb:30 pmb:1390 smb:6740 d:- ref:0 ;
in:956 out:953 type:P dur:2 cpbdur:2 q:32.26 aq:28.09 tex:265910 mv:43497 misc:5297 imb:872 pmb:4678 smb:2610 d:s ref:0 ;
in:954 out:954 type:B dur:2 cpbdur:2 q:32.25 aq:31.47 tex:56637 mv:27885 misc:5966 imb:131 pmb:2590 smb:5439 d:s ref:0 ;
in:953 out:955 type:b dur:2 cpbdur:2 q:32.24 aq:33.40 tex:17880 mv:17357 misc:4747 imb:57 pmb:1568 smb:6535 d:s ref:0 ;
in:955 out:956 type:b dur:2 cpbdur:2 q:32.26 aq:32.89 tex:17830 mv:16063 misc:4587 imb:57 pmb:1496 smb:6607 d:- ref:0 ;
in:960 out:957 type:P dur:2 cpbdur:2 q:32.25 aq:28.16 tex:271071 mv:44772 misc:5293 imb:845 pmb:4628 smb:2687 d:s ref:0 ;
in:958 out:958 type:B dur:2 cpbdur:2 q:32.26 aq:31.31 tex:55177 mv:30231 misc:6016 imb:136 pmb:2683 smb:5341 d:s ref:0 ;
in:957 out:959 type:b dur:2 cpbdur:2 q:32.26 aq:33.18 tex:24242 mv:19401 misc:5141 imb:76 pmb:1775 smb:6309 d:s ref:0 ;
in:959 out:960 type:b dur:2 cpbdur:2 q:32.25 aq:33.61 tex:22073 mv:17339 misc:4884 imb:52 pmb:1619 smb:6489 d:- ref:0 ;
in:964 out:961 type:P dur:2 cpbdur:2 q:32.25 aq:29.15 tex:228054 mv:43816 misc:5346 imb:826 pmb:4492 smb:2842 d:s ref:0 ;
in:962 out:962 type:B dur:2 cpbdur:2 q:32.25 aq:31.38 tex:59504 mv:30409 misc:6127 imb:125 pmb:2848 smb:5187 d:s ref:0 ;
in:961 out:963 type:b dur:2 cpbdur:2 q:32.25 aq:33.75 tex:20417 mv:19164 misc:4811 imb:58 pmb:1761 smb:6341 d:s ref:0 ;
in:963 out:964 type:b dur:2 cpbdur:2 q:32.25 aq:33.01 tex:20533 mv:17953 misc:5002 imb:51 pmb:1710 smb:6399 d:- ref:0 ;
in:968 out:965 type:P dur:2 cpbdur:2 q:32.26 aq:30.77 tex:176961 mv:39748 misc:5443 imb:707 pmb:3907 smb:3546 d:s ref:0 ;
in:966 out:966 type:B dur:2 cpbdur:2 q:32.25 aq:31.37 tex:71105 mv:33962 misc:6557 imb:122 pmb:3293 smb:4745 d:s ref:0 ;
in:965 out:967 type:b dur:2 cpbdur:2 q:32.25 aq:32.65 tex:19081 mv:16818 misc:4877 imb:53 pmb:1570 smb:6537 d:s ref:0 ;
in:967 out:968 type:b dur:2 cpbdur:2 q:32.26 aq:33.82 tex:20794 mv:17490 misc:5292 imb:42 pmb:1726 smb:6392 d:- ref:0 ;
in:969 out:969 type:P dur:2 cpbdur:2 q:32.25 aq:29.67 tex:236233 mv:53721 misc:2470 imb:2297 pmb:5461 smb:402 d:s ref:0 w:0,1,6,5,31,4,35,-12 ;
in:970 out:970 type:P dur:2 cpbdur:2 q:32.26 aq:30.09 tex:316111 mv:56243 misc:1718 imb:2121 pmb:5814 smb:225 d:s ref:0 w:0,1,4,6,63,1,71,-14 ;
in:971 out:971 type:P dur:2 cpbdur:2 q:32.30 aq:30.41 tex:278806 mv:53545 misc:1577 imb:2307 pmb:5681 smb:172 d:s ref:0 w:0,1,7,6,64,0,71,-14 ;
in:973 out:972 type:P dur:2 cpbdur:2 q:32.33 aq:23.61 tex:246696 mv:36822 misc:1242 imb:7100 pmb:345 smb:715 d:s ref:0 ;
in:972 out:973 type:b dur:2 cpbdur:2 q:32.31 aq:33.15 tex:247451 mv:41838 misc:4375 imb:914 pmb:5270 smb:1976 d:s ref:0 ;
in:977 out:974 type:P dur:2 cpbdur:2 q:32.29 aq:27.48 tex:333092 mv:45255 misc:1301 imb:6872 pmb:578 smb:710 d:s ref:0 ;
in:975 out:975 type:B dur:2 cpbdur:2 q:32.31 aq:26.97 tex:92365 mv:34027 misc:5976 imb:1830 pmb:2604 smb:3726 d:s ref:0 ;
in:974 out:976 type:b dur:2 cpbdur:2 q:32.32 aq:25.69 tex:66898 mv:36589 misc:6017 imb:2419 pmb:2706 smb:3035 d:s ref:0 ;
in:976 out:977 type:b dur:2 cpbdur:2 q:32.30 aq:28.70 tex:56541 mv:21572 misc:6727 imb:901 pmb:2632 smb:4627 d:- ref:0 ;
in:981 out:978 type:P dur:2 cpbdur:2 q:32.43 aq:26.10 tex:294595 mv:58891 misc:1722 imb:5035 pmb:2160 smb:965 d:s ref:0 ;
in:979 out:979 type:B dur:2 cpbdur:2 q:32.36 aq:28.65 tex:38203 mv:17978 misc:5947 imb:206 pmb:2137 smb:5817 d:s ref:0 ;
in:978 out:980 type:b dur:2 cpbdur:2 q:32.33 aq:30.41 tex:19302 mv:13526 misc:5236 imb:221 pmb:1490 smb:6449 d:s ref:0 ;
in:980 out:981 type:b dur:2 cpbdur:2 q:32.39 aq:30.81 tex:8675 mv:7062 misc:4031 imb:32 pmb:992 smb:7136 d:- ref:0 ;
in:985 out:982 type:P dur:2 cpbdur:2 q:32.65 aq:26.37 tex:106804 mv:30497 misc:6259 imb:786 pmb:2982 smb:4392 d:s ref:0 ;
in:983 out:983 type:B dur:2 cpbdur:2 q:32.54 aq:28.90 tex:16803 mv:13684 misc:5401 imb:105 pmb:1547 smb:6508 d:t ref:0 ;
in:982 out:984 type:b dur:2 cpbdur:2 q:32.48 aq:30.92 tex:11397 mv:9398 misc:4469 imb:35 pmb:1204 smb:6921 d:s ref:0 ;
in:984 out:985 type:b dur:2 cpbdur:2 q:32.60 aq:30.85 tex:9212 mv:7138 misc:4090 imb:44 pmb:989 smb:7127 d:- ref:0 ;
in:989 out:986 type:P dur:2 cpbdur:2 q:32.62 aq:26.20 tex:108024 mv:32402 misc:6166 imb:1023 pmb:3073 smb:4064 d:s ref:0 ;
in:987 out:987 type:B dur:2 cpbdur:2 q:32.63 aq:29.06 tex:15074 mv:13602 misc:5340 imb:121 pmb:1491 smb:6548 d:t ref:0 ;
in:986 out:988 type:b dur:2 cpbdur:2 q:32.64 aq:30.94 tex:8406 mv:7534 misc:4012 imb:25 pmb:978 smb:7157 d:s ref:0 ;
in:988 out:989 type:b dur:2 cpbdur:2 q:32.62 aq:29.88 tex:7549 mv:7133 misc:3662 imb:61 pmb:814 smb:7285 d:- ref:0 ;
in:993 out:990 type:P dur:2 cpbdur:2 q:32.51 aq:26.15 tex:123439 mv:34215 misc:6314 imb:1108 pmb:3202 smb:3850 d:s ref:0 ;
in:991 out:991 type:B dur:2 cpbdur:2 q:32.56 aq:28.79 tex:29971 mv:16685 misc:5272 imb:149 pmb:1692 smb:6319 d:t ref:0 ;
in:990 out:992 type:b dur:2 cpbdur:2 q:32.59 aq:30.21 tex:8297 mv:8409 misc:4102 imb:64 pmb:1032 smb:7064 d:s ref:0 ;
in:992 out:993 type:b dur:2 cpbdur:2 q:32.54 aq:29.42 tex:8646 mv:9515 misc:4543 imb:67 pmb:1196 smb:6897 d:- ref:0 ;
in:997 out:994 type:P dur:2 cpbdur:2 q:32.42 aq:26.28 tex:137226 mv:34596 misc:6386 imb:949 pmb:3218 smb:3993 d:s ref:0 ;
in:995 out:995 type:B dur:2 cpbdur:2 q:32.47 aq:29.15 tex:21335 mv:13726 misc:5419 imb:90 pmb:1607 smb:6463 d:s ref:0 ;
in:994 out:996 type:b dur:2 cpbdur:2 q:32.49 aq:30.05 tex:7402 mv:8568 misc:4254 imb:41 pmb:1126 smb:6993 d:s ref:0 ;
in:996 out:997 type:b dur:2 cpbdur:2 q:32.44 aq:28.68 tex:5580 mv:6097 misc:3587 imb:38 pmb:736 smb:7386 d:- ref:0 ;
in:1001 out:998 type:P dur:2 cpbdur:2 q:32.36 aq:26.13 tex:120257 mv:34623 misc:6488 imb:973 pmb:3263 smb:3924 d:s ref:0 ;
in:999 out:999 type:B dur:2 cpbdur:2 q:32.39 aq:28.59 tex:15761 mv:12582 misc:5329 imb:91 pmb:1449 smb:6620 d:s ref:0 ;
in:998 out:1000 type:b dur:2 cpbdur:2 q:32.41 aq:29.88 tex:8255 mv:7737 misc:4200 imb:37 pmb:1040 smb:7083 d:s ref:0 ;
in:1000 out:1001 type:b dur:2 cpbdur:2 q:32.37 aq:29.45 tex:5975 mv:6433 misc:4176 imb:44 pmb:957 smb:7159 d:- ref:0 ;
in:1005 out:1002 type:P dur:2 cpbdur:2 q:32.28 aq:26.21 tex:114394 mv:34028 misc:6442 imb:1016 pmb:3305 smb:3839 d:s ref:0 ;
in:1003 out:1003 type:B dur:2 cpbdur:2 q:32.32 aq:28.27 tex:13255 mv:12669 misc:5436 imb:95 pmb:1525 smb:6540 d:s ref:0 ;
in:1002 out:1004 type:b dur:2 cpbdur:2 q:32.34 aq:29.26 tex:5119 mv:6330 misc:3863 imb:45 pmb:840 smb:7275 d:s ref:0 ;
in:1004 out:1005 type:b dur:2 cpbdur:2 q:32.30 aq:28.47 tex:5290 mv:5417 misc:3829 imb:43 pmb:796 smb:7321 d:- ref:0 ;
in:1009 out:1006 type:P dur:2 cpbdur:2 q:32.21 aq:26.24 tex:98703 mv:33034 misc:6551 imb:1003 pmb:3104 smb:4053 d:s ref:0 ;
in:1007 out:1007 type:B dur:2 cpbdur:2 q:32.25 aq:28.21 tex:14880 mv:12138 misc:5246 imb:81 pmb:1482 smb:6597 d:t ref:0 ;
in:1006 out:1008 type:b dur:2 cpbdur:2 q:32.26 aq:29.00 tex:4406 mv:5148 misc:3494 imb:39 pmb:708 smb:7413 d:s ref:0 ;
in:1008 out:1009 type:b dur:2 cpbdur:2 q:32.23 aq:28.69 tex:5326 mv:4828 misc:3558 imb:37 pmb:732 smb:7391 d:- ref:0 ;
in:1013 out:1010 type:P dur:2 cpbdur:2 q:32.14 aq:26.39 tex:91160 mv:30807 misc:6569 imb:909 pmb:2962 smb:4289 d:s ref:0 ;
in:1011 out:1011 type:B dur:2 cpbdur:2 q:32.17 aq:28.48 tex:20181 mv:13654 misc:5741 imb:107 pmb:1709 smb:6344 d:t ref:0 ;
in:1010 out:1012 type:b dur:2 cpbdur:2 q:32.19 aq:29.23 tex:6747 mv:6679 misc:4062 imb:44 pmb:943 smb:7173 d:s ref:0 ;
in:1012 out:1013 type:b dur:2 cpbdur:2 q:32.16 aq:28.75 tex:5041 mv:4778 misc:3621 imb:32 pmb:742 smb:7386 d:- ref:0 ;
in:1017 out:1014 type:P dur:2 cpbdur:2 q:32.06 aq:26.83 tex:80942 mv:29934 misc:6492 imb:954 pmb:2767 smb:4439 d:s ref:0 ;
in:1015 out:1015 type:B dur:2 cpbdur:2 q:32.10 aq:27.97 tex:21819 mv:13812 misc:5449 imb:99 pmb:1634 smb:6427 d:t ref:0 ;
in:1014 out:1016 type:b dur:2 cpbdur:2 q:32.12 aq:28.69 tex:8532 mv:6954 misc:4034 imb:49 pmb:955 smb:7156 d:s ref:0 ;
in:1016 out:1017 type:b dur:2 cpbdur:2 q:32.08 aq:29.36 tex:7850 mv:7455 misc:4239 imb:57 pmb:997 smb:7106 d:- ref:0 ;
in:1021 out:1018 type:P dur:2 cpbdur:2 q:31.97 aq:28.32 tex:213377 mv:55083 misc:1956 imb:4536 pmb:2368 smb:1256 d:s ref:0 ;
in:1019 out:1019 type:B dur:2 cpbdur:2 q:32.02 aq:27.69 tex:33486 mv:21254 misc:6620 imb:267 pmb:2409 smb:5484 d:s ref:0 ;
in:1018 out:1020 type:b dur:2 cpbdur:2 q:32.04 aq:29.21 tex:11295 mv:6493 misc:3452 imb:51 pmb:824 smb:7285 d:s ref:0 ;
in:1020 out:1021 type:b dur:2 cpbdur:2 q:32.00 aq:29.38 tex:16039 mv:12916 misc:5701 imb:146 pmb:1700 smb:6314 d:- ref:0 ;
in:1025 out:1022 type:P dur:2 cpbdur:2 q:31.92 aq:28.91 tex:610938 mv:61752 misc:1406 imb:5854 pmb:1422 smb:884 d:s ref:0 ;
in:1023 out:1023 type:B dur:2 cpbdur:2 q:31.95 aq:29.22 tex:49281 mv:12917 misc:6330 imb:192 pmb:2183 smb:5785 d:s ref:0 ;
in:1022 out:1024 type:b dur:2 cpbdur:2 q:31.96 aq:29.51 tex:29766 mv:10915 misc:6311 imb:186 pmb:1957 smb:6017 d:s ref:0 ;
in:1024 out:1025 type:b dur:2 cpbdur:2 q:31.93 aq:30.33 tex:24826 mv:6858 misc:6236 imb:82 pmb:1887 smb:6191 d:- ref:0 ;
in:1029 out:1026 type:P dur:2 cpbdur:2 q:31.99 aq:28.86 tex:879669 mv:72436 misc:807 imb:5278 pmb:2879 smb:3 d:s ref:0 w:6,77,-47,6,64,0,67,-9 ;
in:1027 out:1027 type:B dur:2 cpbdur:2 q:31.95 aq:30.53 tex:98427 mv:22752 misc:7461 imb:348 pmb:3524 smb:4288 d:s ref:0 ;
in:1026 out:1028 type:b dur:2 cpbdur:2 q:31.94 aq:31.02 tex:35185 mv:14724 misc:6899 imb:148 pmb:2333 smb:5679 d:s ref:0 ;
in:1028 out:1029 type:b dur:2 cpbdur:2 q:31.97 aq:31.35 tex:51236 mv:16692 misc:7192 imb:254 pmb:2528 smb:5378 d:- ref:0 ;
in:1030 out:1030 type:P dur:2 cpbdur:2 q:32.20 aq:27.72 tex:544920 mv:55360 misc:1392 imb:2372 pmb:5600 smb:188 d:s ref:0 w:4,17,-13,6,66,-4,69,-11 ;
in:1034 out:1031 type:P dur:2 cpbdur:2 q:32.25 aq:27.95 tex:489039 mv:42248 misc:3481 imb:1167 pmb:5807 smb:1186 d:s ref:0 ;
in:1032 out:1032 type:B dur:2 cpbdur:2 q:32.22 aq:32.28 tex:79372 mv:20247 misc:6621 imb:399 pmb:2615 smb:5146 d:s ref:0 ;
in:1031 out:1033 type:b dur:2 cpbdur:2 q:32.21 aq:34.15 tex:28684 mv:12887 misc:3773 imb:199 pmb:1148 smb:6813 d:s ref:0 ;
in:1033 out:1034 type:b dur:2 cpbdur:2 q:32.24 aq:32.30 tex:11554 mv:7894 misc:2584 imb:140 pmb:695 smb:7325 d:- ref:0 ;
in:1038 out:1035 type:P dur:2 cpbdur:2 q:32.33 aq:27.99 tex:418645 mv:38550 misc:4125 imb:434 pmb:6355 smb:1371 d:s ref:0 ;
in:1036 out:1036 type:B dur:2 cpbdur:2 q:32.29 aq:32.25 tex:67953 mv:14692 misc:6531 imb:15 pmb:2787 smb:5358 d:t ref:0 ;
in:1035 out:1037 type:b dur:2 cpbdur:2 q:32.27 aq:34.53 tex:9848 mv:6279 misc:3057 imb:64 pmb:719 smb:7377 d:s ref:0 ;
in:1037 out:1038 type:b dur:2 cpbdur:2 q:32.31 aq:33.92 tex:6290 mv:3645 misc:2961 imb:3 pmb:623 smb:7534 d:- ref:0 ;
in:1042 out:1039 type:P dur:2 cpbdur:2 q:32.47 aq:28.19 tex:426063 mv:38292 misc:3837 imb:205 pmb:6637 smb:1318 d:s ref:0 ;
in:1040 out:1040 type:B dur:2 cpbdur:2 q:32.40 aq:32.81 tex:54051 mv:14126 misc:6599 imb:11 pmb:2649 smb:5500 d:t ref:0 ;
in:1039 out:1041 type:b dur:2 cpbdur:2 q:32.37 aq:33.30 tex:3026 mv:3578 misc:2444 imb:4 pmb:473 smb:7683 d:s ref:0 ;
in:1041 out:1042 type:b dur:2 cpbdur:2 q:32.44 aq:34.45 tex:3444 mv:3550 misc:2638 imb:0 pmb:591 smb:7569 d:- ref:0 ;
in:1046 out:1043 type:P dur:2 cpbdur:2 q:32.50 aq:28.29 tex:404671 mv:37794 misc:4103 imb:256 pmb:6497 smb:1407 d:s ref:0 ;
in:1044 out:1044 type:B dur:2 cpbdur:2 q:32.49 aq:32.97 tex:45395 mv:12073 misc:6204 imb:9 pmb:2238 smb:5913 d:t ref:0 ;
in:1043 out:1045 type:b dur:2 cpbdur:2 q:32.48 aq:34.59 tex:9015 mv:5746 misc:3615 imb:8 pmb:871 smb:7281 d:s ref:0 ;
in:1045 out:1046 type:b dur:2 cpbdur:2 q:32.50 aq:34.56 tex:13223 mv:6719 misc:4154 imb:3 pmb:1069 smb:7088 d:- ref:0 ;
in:1050 out:1047 type:P dur:2 cpbdur:2 q:32.53 aq:27.63 tex:534530 mv:47651 misc:1819 imb:775 pmb:7119 smb:266 d:s ref:0 ;
in:1048 out:1048 type:B dur:2 cpbdur:2 q:32.52 aq:31.70 tex:49209 mv:13261 misc:6946 imb:21 pmb:2609 smb:5530 d:t ref:0 ;
in:1047 out:1049 type:b dur:2 cpbdur:2 q:32.51 aq:35.44 tex:10576 mv:5139 misc:3573 imb:3 pmb:883 smb:7274 d:s ref:0 ;
in:1049 out:1050 type:b dur:2 cpbdur:2 q:32.52 aq:33.94 tex:24258 mv:8572 misc:5682 imb:11 pmb:1701 smb:6448 d:- ref:0 ;
in:1054 out:1051 type:P dur:2 cpbdur:2 q:32.56 aq:28.08 tex:324816 mv:34992 misc:4424 imb:162 pmb:6570 smb:1428 d:s ref:0 ;
in:1052 out:1052 type:B dur:2 cpbdur:2 q:32.54 aq:32.72 tex:46461 mv:11151 misc:5820 imb:3 pmb:2171 smb:5986 d:t ref:0 ;
in:1051 out:1053 type:b dur:2 cpbdur:2 q:32.54 aq:34.70 tex:4040 mv:3851 misc:2653 imb:0 pmb:553 smb:7607 d:s ref:0 ;
in:1053 out:1054 type:b dur:2 cpbdur:2 q:32.55 aq:33.59 tex:4579 mv:3261 misc:2664 imb:4 pmb:531 smb:7625 d:- ref:0 ;
in:1058 out:1055 type:P dur:2 cpbdur:2 q:32.57 aq:28.24 tex:366643 mv:38260 misc:4441 imb:232 pmb:6515 smb:1413 d:s ref:0 ;
in:1056 out:1056 type:B dur:2 cpbdur:2 q:32.57 aq:32.90 tex:44641 mv:12756 misc:6147 imb:17 pmb:2247 smb:5896 d:t ref:0 ;
in:1055 out:1057 type:b dur:2 cpbdur:2 q:32.56 aq:34.72 tex:7675 mv:5170 misc:3523 imb:10 pmb:784 smb:7366 d:s ref:0 ;
in:1057 out:1058 type:b dur:2 cpbdur:2 q:32.57 aq:33.30 tex:4241 mv:4918 misc:3169 imb:1 pmb:671 smb:7488 d:- ref:0 ;
in:1062 out:1059 type:P dur:2 cpbdur:2 q:32.58 aq:28.43 tex:382237 mv:37812 misc:4495 imb:176 pmb:6421 smb:1563 d:s ref:0 ;
in:1060 out:1060 type:B dur:2 cpbdur:2 q:32.58 aq:32.61 tex:57662 mv:14696 misc:6410 imb:12 pmb:2626 smb:5522 d:t ref:0 ;
in:1059 out:1061 type:b dur:2 cpbdur:2 q:32.58 aq:35.51 tex:15885 mv:7981 misc:4478 imb:4 pmb:1184 smb:6972 d:s ref:0 ;
in:1061 out:1062 type:b dur:2 cpbdur:2 q:32.58 aq:35.55 tex:13533 mv:5951 misc:4148 imb:1 pmb:1086 smb:7073 d:- ref:0 ;
in:1066 out:1063 type:P dur:2 cpbdur:2 q:32.60 aq:28.36 tex:373943 mv:39628 misc:4317 imb:254 pmb:6448 smb:1458 d:s ref:0 ;
in:1064 out:1064 type:B dur:2 cpbdur:2 q:32.59 aq:32.59 tex:58451 mv:14555 misc:6690 imb:13 pmb:2697 smb:5450 d:t ref:0 ;
in:1063 out:1065 type:b dur:2 cpbdur:2 q:32.59 aq:34.47 tex:4156 mv:4172 misc:3000 imb:2 pmb:626 smb:7532 d:s ref:0 ;
in:1065 out:1066 type:b dur:2 cpbdur:2 q:32.60 aq:34.10 tex:16246 mv:5839 misc:3995 imb:2 pmb:1016 smb:7142 d:- ref:0 ;
in:1070 out:1067 type:P dur:2 cpbdur:2 q:32.60 aq:28.50 tex:337950 mv:38176 misc:4434 imb:232 pmb:6338 smb:1590 d:s ref:0 ;
in:1068 out:1068 type:B dur:2 cpbdur:2 q:32.60 aq:32.63 tex:72681 mv:18071 misc:6448 imb:18 pmb:2938 smb:5204 d:t ref:0 ;
in:1067 out:1069 type:b dur:2 cpbdur:2 q:32.60 aq:34.31 tex:7789 mv:5910 misc:3589 imb:4 pmb:818 smb:7338 d:s ref:0 ;
in:1069 out:1070 type:b dur:2 cpbdur:2 q:32.60 aq:35.18 tex:5401 mv:4319 misc:2984 imb:3 pmb:616 smb:7541 d:- ref:0 ;
in:1074 out:1071 type:P dur:2 cpbdur:2 q:32.62 aq:28.62 tex:370560 mv:38273 misc:4455 imb:227 pmb:6266 smb:1667 d:s ref:0 ;
in:1072 out:1072 type:B dur:2 cpbdur:2 q:32.61 aq:32.78 tex:62867 mv:16070 misc:6655 imb:15 pmb:2770 smb:5375 d:t ref:0 ;
in:1071 out:1073 type:b dur:2 cpbdur:2 q:32.61 aq:34.47 tex:6894 mv:5399 misc:3323 imb:4 pmb:744 smb:7412 d:s ref:0 ;
in:1073 out:1074 type:b dur:2 cpbdur:2 q:32.61 aq:34.87 tex:5949 mv:5020 misc:3255 imb:6 pmb:708 smb:7446 d:- ref:0 ;
in:1075 out:1075 type:I dur:2 cpbdur:2 q:29.60 aq:25.29 tex:1060596 mv:329309 misc:799 imb:8160 pmb:0 smb:0 d:s ref:;
in:1079 out:1076 type:P dur:2 cpbdur:2 q:32.88 aq:28.98 tex:262790 mv:35695 misc:4795 imb:169 pmb:5909 smb:2082 d:s ref:0 ;
in:1077 out:1077 type:B dur:2 cpbdur:2 q:32.88 aq:35.77 tex:26336 mv:12945 misc:5359 imb:7 pmb:1798 smb:6355 d:t ref:0 ;
in:1076 out:1078 type:b dur:2 cpbdur:2 q:32.88 aq:35.46 tex:16502 mv:7693 misc:4469 imb:3 pmb:1261 smb:6896 d:s ref:0 ;
in:1078 out:1079 type:b dur:2 cpbdur:2 q:32.88 aq:34.78 tex:14013 mv:8052 misc:4743 imb:5 pmb:1282 smb:6873 d:- ref:0 ;
in:1083 out:1080 type:P dur:2 cpbdur:2 q:32.89 aq:28.98 tex:310168 mv:39193 misc:4503 imb:223 pmb:6185 smb:1752 d:s ref:0 ;
in:1081 out:1081 type:B dur:2 cpbdur:2 q:32.88 aq:33.15 tex:45519 mv:17053 misc:6516 imb:6 pmb:2507 smb:5647 d:t ref:0 ;
in:1080 out:1082 type:b dur:2 cpbdur:2 q:32.88 aq:35.24 tex:19614 mv:9195 misc:5111 imb:4 pmb:1469 smb:6687 d:s ref:0 ;
in:1082 out:1083 type:b dur:2 cpbdur:2 q:32.88 aq:35.18 tex:17666 mv:8791 misc:4863 imb:2 pmb:1413 smb:6745 d:- ref:0 ;
in:1087 out:1084 type:P dur:2 cpbdur:2 q:32.90 aq:28.92 tex:329587 mv:41872 misc:4261 imb:526 pmb:6055 smb:1579 d:s ref:0 ;
in:1085 out:1085 type:B dur:2 cpbdur:2 q:32.89 aq:32.87 tex:69379 mv:18776 misc:6381 imb:146 pmb:2543 smb:5471 d:t ref:0 ;
in:1084 out:1086 type:b dur:2 cpbdur:2 q:32.89 aq:35.28 tex:16333 mv:9051 misc:4312 imb:8 pmb:1253 smb:6899 d:s ref:0 ;
in:1086 out:1087 type:b dur:2 cpbdur:2 q:32.90 aq:35.18 tex:30751 mv:10587 misc:5326 imb:92 pmb:1708 smb:6360 d:- ref:0 ;
in:1091 out:1088 type:P dur:2 cpbdur:2 q:32.92 aq:29.36 tex:277557 mv:40282 misc:4569 imb:291 pmb:6090 smb:1779 d:s ref:0 ;
in:1089 out:1089 type:B dur:2 cpbdur:2 q:32.91 aq:33.16 tex:42305 mv:18317 misc:6674 imb:15 pmb:2606 smb:5539 d:t ref:0 ;
in:1088 out:1090 type:b dur:2 cpbdur:2 q:32.91 aq:34.89 tex:12528 mv:8195 misc:4637 imb:7 pmb:1230 smb:6923 d:s ref:0 ;
in:1090 out:1091 type:b dur:2 cpbdur:2 q:32.91 aq:34.81 tex:24442 mv:9687 misc:5567 imb:3 pmb:1735 smb:6422 d:- ref:0 ;
in:1095 out:1092 type:P dur:2 cpbdur:2 q:32.92 aq:29.95 tex:276377 mv:40966 misc:4729 imb:312 pmb:6004 smb:1844 d:s ref:0 ;
in:1093 out:1093 type:B dur:2 cpbdur:2 q:32.92 aq:33.04 tex:48602 mv:19923 misc:7123 imb:15 pmb:2905 smb:5240 d:s ref:0 ;
in:1092 out:1094 type:b dur:2 cpbdur:2 q:32.92 aq:34.94 tex:23628 mv:13040 misc:5852 imb:5 pmb:1876 smb:6279 d:s ref:0 ;
in:1094 out:1095 type:b dur:2 cpbdur:2 q:32.92 aq:34.54 tex:16156 mv:9727 misc:5213 imb:6 pmb:1503 smb:6651 d:- ref:0 ;
in:1099 out:1096 type:P dur:2 cpbdur:2 q:32.92 aq:31.40 tex:188357 mv:36746 misc:5553 imb:294 pmb:5369 smb:2497 d:s ref:0 ;
in:1097 out:1097 type:B dur:2 cpbdur:2 q:32.92 aq:32.89 tex:53913 mv:21332 misc:7307 imb:21 pmb:3207 smb:4932 d:t ref:0 ;
in:1096 out:1098 type:b dur:2 cpbdur:2 q:32.92 aq:34.92 tex:24632 mv:11876 misc:5844 imb:11 pmb:1846 smb:6303 d:s ref:0 ;
in:1098 out:1099 type:b dur:2 cpbdur:2 q:32.92 aq:34.54 tex:24917 mv:10384 misc:5803 imb:11 pmb:1803 smb:6346 d:- ref:0 ;
in:1103 out:1100 type:P dur:2 cpbdur:2 q:32.89 aq:31.52 tex:423703 mv:60820 misc:845 imb:4775 pmb:3360 smb:25 d:s ref:0 w:6,53,25,7,107,22,109,19 ;
in:1101 out:1101 type:B dur:2 cpbdur:2 q:32.91 aq:32.27 tex:151963 mv:47574 misc:6079 imb:1370 pmb:4777 smb:2013 d:s ref:0 ;
in:1100 out:1102 type:b dur:2 cpbdur:2 q:32.92 aq:34.34 tex:39370 mv:17389 misc:7265 imb:33 pmb:3167 smb:4960 d:s ref:0 ;
in:1102 out:1103 type:b dur:2 cpbdur:2 q:32.90 aq:33.23 tex:61329 mv:20515 misc:7868 imb:150 pmb:3670 smb:4340 d:- ref:0 ;
in:1107 out:1104 type:P dur:2 cpbdur:2 q:32.91 aq:30.29 tex:448227 mv:55805 misc:728 imb:7184 pmb:954 smb:22 d:s ref:0 ;
in:1105 out:1105 type:B dur:2 cpbdur:2 q:32.90 aq:31.49 tex:131417 mv:41579 misc:7004 imb:611 pmb:4064 smb:3485 d:s ref:0 ;
in:1104 out:1106 type:b dur:2 cpbdur:2 q:32.90 aq:32.89 tex:78035 mv:26417 misc:7596 imb:159 pmb:3891 smb:4110 d:s ref:0 ;
in:1106 out:1107 type:b dur:2 cpbdur:2 q:32.91 aq:32.28 tex:75412 mv:32096 misc:7708 imb:337 pmb:3761 smb:4062 d:- ref:0 ;
in:1110 out:1108 type:P dur:2 cpbdur:2 q:33.00 aq:26.96 tex:418632 mv:62386 misc:694 imb:6212 pmb:1948 smb:0 d:s ref:0 w:6,81,-15,6,64,0,91,-53 ;
in:1108 out:1109 type:B dur:2 cpbdur:2 q:32.94 aq:30.76 tex:69589 mv:30354 misc:7241 imb:558 pmb:2848 smb:4754 d:s ref:0 ;
in:1109 out:1110 type:b dur:2 cpbdur:2 q:32.97 aq:30.66 tex:23460 mv:19610 misc:4882 imb:246 pmb:1380 smb:6534 d:- ref:0 ;
in:1114 out:1111 type:P dur:2 cpbdur:2 q:33.10 aq:29.06 tex:183192 mv:39629 misc:5435 imb:1264 pmb:3161 smb:3735 d:s ref:0 ;
in:1112 out:1112 type:B dur:2 cpbdur:2 q:33.05 aq:31.47 tex:45645 mv:25335 misc:5556 imb:167 pmb:2186 smb:5807 d:s ref:0 ;
in:1111 out:1113 type:b dur:2 cpbdur:2 q:33.02 aq:32.85 tex:13890 mv:14959 misc:4223 imb:44 pmb:1364 smb:6752 d:s ref:0 ;
in:1113 out:1114 type:b dur:2 cpbdur:2 q:33.07 aq:32.79 tex:15858 mv:15068 misc:3994 imb:94 pmb:1263 smb:6803 d:- ref:0 ;
in:1118 out:1115 type:P dur:2 cpbdur:2 q:33.14 aq:29.47 tex:164508 mv:40308 misc:5752 imb:1755 pmb:2792 smb:3613 d:s ref:0 ;
in:1116 out:1116 type:B dur:2 cpbdur:2 q:33.12 aq:30.31 tex:49970 mv:31776 misc:6894 imb:407 pmb:2783 smb:4970 d:s ref:0 ;
in:1115 out:1117 type:b dur:2 cpbdur:2 q:33.11 aq:31.67 tex:19157 mv:19314 misc:5201 imb:153 pmb:1691 smb:6316 d:s ref:0 ;
in:1117 out:1118 type:b dur:2 cpbdur:2 q:33.13 aq:32.64 tex:16731 mv:16253 misc:4472 imb:115 pmb:1492 smb:6553 d:- ref:0 ;
in:1122 out:1119 type:P dur:2 cpbdur:2 q:33.11 aq:27.75 tex:316250 mv:63690 misc:860 imb:5564 pmb:2579 smb:17 d:s ref:0 w:3,7,25,6,83,-42,64,0 ;
in:1120 out:1120 type:B dur:2 cpbdur:2 q:33.12 aq:29.25 tex:62189 mv:37022 misc:6597 imb:775 pmb:3022 smb:4363 d:s ref:0 ;
in:1119 out:1121 type:b dur:2 cpbdur:2 q:33.13 aq:30.06 tex:24095 mv:22256 misc:5681 imb:326 pmb:2045 smb:5789 d:s ref:0 ;
in:1121 out:1122 type:b dur:2 cpbdur:2 q:33.12 aq:31.16 tex:17671 mv:17707 misc:4886 imb:162 pmb:1665 smb:6333 d:- ref:0 ;
in:1126 out:1123 type:P dur:2 cpbdur:2 q:33.10 aq:27.78 tex:186083 mv:52736 misc:4861 imb:2930 pmb:3361 smb:1869 d:s ref:0 ;
in:1124 out:1124 type:B dur:2 cpbdur:2 q:33.10 aq:29.24 tex:48295 mv:32936 misc:7113 imb:455 pmb:2844 smb:4861 d:s ref:0 ;
in:1123 out:1125 type:b dur:2 cpbdur:2 q:33.11 aq:30.14 tex:19024 mv:20265 misc:5575 imb:161 pmb:1894 smb:6105 d:s ref:0 ;
in:1125 out:1126 type:b dur:2 cpbdur:2 q:33.10 aq:30.25 tex:19542 mv:18030 misc:5156 imb:190 pmb:1653 smb:6317 d:- ref:0 ;
in:1130 out:1127 type:P dur:2 cpbdur:2 q:33.12 aq:27.94 tex:212246 mv:54264 misc:4722 imb:3088 pmb:3392 smb:1680 d:s ref:0 ;
in:1128 out:1128 type:B dur:2 cpbdur:2 q:33.11 aq:29.35 tex:46945 mv:31484 misc:7107 imb:411 pmb:2865 smb:4884 d:s ref:0 ;
in:1127 out:1129 type:b dur:2 cpbdur:2 q:33.10 aq:30.00 tex:20248 mv:19576 misc:5632 imb:225 pmb:1814 smb:6121 d:s ref:0 ;
in:1129 out:1130 type:b dur:2 cpbdur:2 q:33.11 aq:30.31 tex:19078 mv:15716 misc:4902 imb:140 pmb:1519 smb:6501 d:- ref:0 ;
in:1134 out:1131 type:P dur:2 cpbdur:2 q:33.11 aq:27.98 tex:223114 mv:53754 misc:4228 imb:3161 pmb:3549 smb:1450 d:s ref:0 ;
in:1132 out:1132 type:B dur:2 cpbdur:2 q:33.11 aq:29.08 tex:36353 mv:26485 misc:7090 imb:385 pmb:2675 smb:5100 d:s ref:0 ;
in:1131 out:1133 type:b dur:2 cpbdur:2 q:33.12 aq:30.01 tex:14245 mv:14940 misc:5071 imb:164 pmb:1446 smb:6550 d:s ref:0 ;
in:1133 out:1134 type:b dur:2 cpbdur:2 q:33.11 aq:30.23 tex:12641 mv:11054 misc:4529 imb:107 pmb:1207 smb:6846 d:- ref:0 ;
in:1138 out:1135 type:P dur:2 cpbdur:2 q:33.10 aq:28.50 tex:142121 mv:47291 misc:4932 imb:2614 pmb:3527 smb:2019 d:s ref:0 ;
in:1136 out:1136 type:B dur:2 cpbdur:2 q:33.11 aq:28.81 tex:31615 mv:21780 misc:6797 imb:312 pmb:2366 smb:5482 d:s ref:0 ;
in:1135 out:1137 type:b dur:2 cpbdur:2 q:33.11 aq:29.18 tex:14911 mv:14218 misc:5383 imb:135 pmb:1610 smb:6415 d:s ref:0 ;
in:1137 out:1138 type:b dur:2 cpbdur:2 q:33.10 aq:29.16 tex:11302 mv:8535 misc:3827 imb:70 pmb:1011 smb:7079 d:- ref:0 ;
in:1142 out:1139 type:P dur:2 cpbdur:2 q:33.07 aq:29.78 tex:121834 mv:47494 misc:5072 imb:2705 pmb:3340 smb:2115 d:s ref:0 ;
in:1140 out:1140 type:B dur:2 cpbdur:2 q:33.08 aq:29.63 tex:40713 mv:27989 misc:7274 imb:314 pmb:3082 smb:4764 d:s ref:0 ;
in:1139 out:1141 type:b dur:2 cpbdur:2 q:33.09 aq:29.25 tex:12455 mv:10099 misc:4374 imb:110 pmb:1135 smb:6915 d:s ref:0 ;
in:1141 out:1142 type:b dur:2 cpbdur:2 q:33.08 aq:30.99 tex:12631 mv:11961 misc:4936 imb:65 pmb:1354 smb:6741 d:- ref:0 ;
in:1146 out:1143 type:P dur:2 cpbdur:2 q:33.03 aq:30.33 tex:317312 mv:56727 misc:937 imb:6864 pmb:1147 smb:149 d:s ref:0 ;
in:1144 out:1144 type:B dur:2 cpbdur:2 q:33.05 aq:29.94 tex:124484 mv:54676 misc:6240 imb:2383 pmb:3645 smb:2132 d:s ref:0 ;
in:1143 out:1145 type:b dur:2 cpbdur:2 q:33.06 aq:29.69 tex:31123 mv:22907 misc:5794 imb:695 pmb:1679 smb:5786 d:s ref:0 ;
in:1145 out:1146 type:b dur:2 cpbdur:2 q:33.04 aq:30.62 tex:44619 mv:30672 misc:6213 imb:667 pmb:2127 smb:5366 d:- ref:0 ;
in:1150 out:1147 type:P dur:2 cpbdur:2 q:33.02 aq:29.76 tex:325114 mv:61681 misc:701 imb:7160 pmb:999 smb:1 d:s ref:0 ;
in:1148 out:1148 type:B dur:2 cpbdur:2 q:33.02 aq:30.39 tex:180526 mv:70055 misc:5475 imb:2591 pmb:3951 smb:1618 d:s ref:0 ;
in:1147 out:1149 type:b dur:2 cpbdur:2 q:33.03 aq:31.01 tex:59512 mv:39211 misc:6709 imb:876 pmb:2595 smb:4689 d:s ref:0 ;
in:1149 out:1150 type:b dur:2 cpbdur:2 q:33.02 aq:31.07 tex:68239 mv:39873 misc:6400 imb:950 pmb:2485 smb:4725 d:- ref:0 ;
in:1152 out:1151 type:P dur:2 cpbdur:2 q:33.07 aq:27.84 tex:333530 mv:72853 misc:857 imb:5484 pmb:2622 smb:54 d:s ref:0 ;
in:1151 out:1152 type:b dur:2 cpbdur:2 q:33.04 aq:30.75 tex:35434 mv:29058 misc:6492 imb:597 pmb:2113 smb:5450 d:s ref:0 ;
in:1156 out:1153 type:P dur:2 cpbdur:2 q:33.14 aq:28.15 tex:193832 mv:54410 misc:4910 imb:1501 pmb:4306 smb:2353 d:s ref:0 ;
in:1154 out:1154 type:B dur:2 cpbdur:2 q:33.11 aq:30.52 tex:40829 mv:26502 misc:6637 imb:139 pmb:2759 smb:5262 d:s ref:0 ;
in:1153 out:1155 type:b dur:2 cpbdur:2 q:33.09 aq:31.92 tex:14103 mv:13850 misc:5191 imb:76 pmb:1514 smb:6570 d:s ref:0 ;
in:1155 out:1156 type:b dur:2 cpbdur:2 q:33.12 aq:31.57 tex:13676 mv:14142 misc:5318 imb:83 pmb:1479 smb:6598 d:- ref:0 ;
in:1160 out:1157 type:P dur:2 cpbdur:2 q:33.24 aq:28.24 tex:212796 mv:60613 misc:4447 imb:1881 pmb:4498 smb:1781 d:s ref:0 ;
in:1158 out:1158 type:B dur:2 cpbdur:2 q:33.19 aq:30.41 tex:36920 mv:27950 misc:7050 imb:191 pmb:2885 smb:5084 d:s ref:0 ;
in:1157 out:1159 type:b dur:2 cpbdur:2 q:33.17 aq:31.98 tex:15030 mv:15571 misc:5887 imb:84 pmb:1700 smb:6376 d:s ref:0 ;
in:1159 out:1160 type:b dur:2 cpbdur:2 q:33.21 aq:31.89 tex:11850 mv:14377 misc:5613 imb:59 pmb:1617 smb:6484 d:- ref:0 ;
in:1164 out:1161 type:P dur:2 cpbdur:2 q:33.22 aq:28.17 tex:195581 mv:56288 misc:4675 imb:1734 pmb:4550 smb:1876 d:s ref:0 ;
in:1162 out:1162 type:B dur:2 cpbdur:2 q:33.23 aq:30.26 tex:33762 mv:27314 misc:6996 imb:211 pmb:2733 smb:5216 d:s ref:0 ;
in:1161 out:1163 type:b dur:2 cpbdur:2 q:33.23 aq:31.76 tex:12829 mv:13082 misc:4873 imb:77 pmb:1334 smb:6749 d:s ref:0 ;
in:1163 out:1164 type:b dur:2 cpbdur:2 q:33.23 aq:32.09 tex:12297 mv:13094 misc:5217 imb:62 pmb:1462 smb:6636 d:- ref:0 ;
in:1168 out:1165 type:P dur:2 cpbdur:2 q:33.20 aq:28.10 tex:185145 mv:53350 misc:4921 imb:1655 pmb:4334 smb:2171 d:s ref:0 ;
in:1166 out:1166 type:B dur:2 cpbdur:2 q:33.21 aq:30.31 tex:33186 mv:28575 misc:7007 imb:221 pmb:2778 smb:5161 d:s ref:0 ;
in:1165 out:1167 type:b dur:2 cpbdur:2 q:33.22 aq:31.56 tex:12149 mv:15690 misc:5793 imb:91 pmb:1719 smb:6350 d:s ref:0 ;
in:1167 out:1168 type:b dur:2 cpbdur:2 q:33.20 aq:32.05 tex:11236 mv:14145 misc:4963 imb:63 pmb:1440 smb:6657 d:- ref:0 ;
in:1172 out:1169 type:P dur:2 cpbdur:2 q:33.17 aq:28.32 tex:177632 mv:49595 misc:5317 imb:1459 pmb:4156 smb:2545 d:s ref:0 ;
in:1170 out:1170 type:B dur:2 cpbdur:2 q:33.18 aq:30.79 tex:36435 mv:26023 misc:6438 imb:255 pmb:2450 smb:5455 d:s ref:0 ;
in:1169 out:1171 type:b dur:2 cpbdur:2 q:33.19 aq:31.35 tex:14410 mv:15077 misc:4985 imb:138 pmb:1459 smb:6563 d:s ref:0 ;
in:1171 out:1172 type:b dur:2 cpbdur:2 q:33.17 aq:32.41 tex:15376 mv:15953 misc:5071 imb:122 pmb:1520 smb:6518 d:- ref:0 ;
in:1176 out:1173 type:P dur:2 cpbdur:2 q:33.14 aq:28.45 tex:217382 mv:56736 misc:4778 imb:1944 pmb:4356 smb:1860 d:s ref:0 ;
in:1174 out:1174 type:B dur:2 cpbdur:2 q:33.15 aq:30.66 tex:39872 mv:27938 misc:6758 imb:230 pmb:2685 smb:5245 d:s ref:0 ;
in:1173 out:1175 type:b dur:2 cpbdur:2 q:33.16 aq:32.04 tex:14486 mv:15581 misc:4877 imb:112 pmb:1461 smb:6587 d:s ref:0 ;
in:1175 out:1176 type:b dur:2 cpbdur:2 q:33.15 aq:31.68 tex:13613 mv:16155 misc:5296 imb:106 pmb:1572 smb:6482 d:- ref:0 ;
in:1180 out:1177 type:P dur:2 cpbdur:2 q:33.12 aq:28.52 tex:218300 mv:63412 misc:3880 imb:2408 pmb:4538 smb:1214 d:s ref:0 ;
in:1178 out:1178 type:B dur:2 cpbdur:2 q:33.13 aq:30.50 tex:42457 mv:29757 misc:7186 imb:275 pmb:2875 smb:5010 d:s ref:0 ;
in:1177 out:1179 type:b dur:2 cpbdur:2 q:33.14 aq:32.23 tex:15048 mv:16201 misc:5735 imb:100 pmb:1713 smb:6347 d:s ref:0 ;
in:1179 out:1180 type:b dur:2 cpbdur:2 q:33.12 aq:31.85 tex:13848 mv:15204 misc:5180 imb:106 pmb:1491 smb:6563 d:- ref:0 ;
in:1184 out:1181 type:P dur:2 cpbdur:2 q:33.11 aq:28.53 tex:230786 mv:64979 misc:3475 imb:2733 pmb:4399 smb:1028 d:s ref:0 ;
in:1182 out:1182 type:B dur:2 cpbdur:2 q:33.12 aq:30.37 tex:44510 mv:28977 misc:7265 imb:239 pmb:2978 smb:4943 d:s ref:0 ;
in:1181 out:1183 type:b dur:2 cpbdur:2 q:33.12 aq:31.70 tex:14370 mv:15034 misc:5524 imb:90 pmb:1626 smb:6444 d:s ref:0 ;
in:1183 out:1184 type:b dur:2 cpbdur:2 q:33.11 aq:31.27 tex:15785 mv:15104 misc:5463 imb:101 pmb:1633 smb:6426 d:- ref:0 ;
in:1188 out:1185 type:P dur:2 cpbdur:2 q:33.10 aq:28.61 tex:250249 mv:65199 misc:3272 imb:2882 pmb:4269 smb:1009 d:s ref:0 ;
in:1186 out:1186 type:B dur:2 cpbdur:2 q:33.11 aq:30.37 tex:46308 mv:30530 misc:7234 imb:333 pmb:3071 smb:4756 d:s ref:0 ;
in:1185 out:1187 type:b dur:2 cpbdur:2 q:33.11 aq:31.65 tex:15498 mv:17505 misc:5997 imb:127 pmb:1861 smb:6172 d:s ref:0 ;
in:1187 out:1188 type:b dur:2 cpbdur:2 q:33.10 aq:31.45 tex:15269 mv:14185 misc:5298 imb:90 pmb:1564 smb:6506 d:- ref:0 ;
in:1192 out:1189 type:P dur:2 cpbdur:2 q:33.10 aq:28.77 tex:263953 mv:65652 misc:3187 imb:2742 pmb:4475 smb:943 d:s ref:0 ;
in:1190 out:1190 type:B dur:2 cpbdur:2 q:33.10 aq:30.21 tex:54250 mv:28769 misc:7341 imb:353 pmb:3037 smb:4770 d:s ref:0 ;
in:1189 out:1191 type:b dur:2 cpbdur:2 q:33.10 aq:31.19 tex:16402 mv:16599 misc:6015 imb:91 pmb:1898 smb:6171 d:s ref:0 ;
in:1191 out:1192 type:b dur:2 cpbdur:2 q:33.10 aq:31.83 tex:16069 mv:13392 misc:5075 imb:85 pmb:1469 smb:6606 d:- ref:0 ;
in:1196 out:1193 type:P dur:2 cpbdur:2 q:33.11 aq:29.38 tex:233094 mv:61843 misc:3479 imb:2429 pmb:4626 smb:1105 d:s ref:0 ;
in:1194 out:1194 type:B dur:2 cpbdur:2 q:33.10 aq:30.57 tex:46946 mv:26725 misc:7297 imb:307 pmb:3009 smb:4844 d:s ref:0 ;
in:1193 out:1195 type:b dur:2 cpbdur:2 q:33.10 aq:31.79 tex:16099 mv:14736 misc:5741 imb:113 pmb:1715 smb:6332 d:s ref:0 ;
in:1195 out:1196 type:b dur:2 cpbdur:2 q:33.11 aq:32.54 tex:15110 mv:12902 misc:5452 imb:68 pmb:1572 smb:6520 d:- ref:0 ;
in:1199 out:1197 type:P dur:2 cpbdur:2 q:33.11 aq:30.63 tex:175968 mv:50984 misc:4896 imb:1703 pmb:4570 smb:1887 d:s ref:0 ;
in:1197 out:1198 type:B dur:2 cpbdur:2 q:33.11 aq:31.07 tex:29257 mv:19042 misc:6965 imb:113 pmb:2483 smb:5564 d:s ref:0 ;
in:1198 out:1199 type:b dur:2 cpbdur:2 q:33.11 aq:32.78 tex:21925 mv:14462 misc:6229 imb:65 pmb:2075 smb:6020 d:- ref:0 ;
in:1200 out:1200 type:P dur:2 cpbdur:2 q:33.11 aq:30.64 tex:261088 mv:56057 misc:1919 imb:2238 pmb:5666 smb:256 d:s ref:0 w:0,1,6,6,62,3,65,-3 ;
in:1203 out:1201 type:P dur:2 cpbdur:2 q:33.13 aq:32.41 tex:338004 mv:59877 misc:871 imb:3884 pmb:4239 smb:37 d:s ref:0 w:4,17,8,7,111,15,127,-1 ;
in:1201 out:1202 type:B dur:2 cpbdur:2 q:33.12 aq:33.39 tex:47131 mv:16685 misc:6632 imb:177 pmb:2171 smb:5812 d:s ref:0 ;
in:1202 out:1203 type:b dur:2 cpbdur:2 q:33.12 aq:33.21 tex:64511 mv:21512 misc:7657 imb:274 pmb:3410 smb:4476 d:- ref:0 ;
in:1204 out:1204 type:I dur:2 cpbdur:2 q:30.21 aq:21.16 tex:323287 mv:102331 misc:590 imb:8160 pmb:0 smb:0 d:s ref:;
in:1205 out:1205 type:P dur:2 cpbdur:2 q:33.18 aq:25.27 tex:116316 mv:41273 misc:1451 imb:5657 pmb:2350 smb:153 d:s ref:0 w:6,65,-13,6,68,-7,65,0 ;
in:1207 out:1206 type:P dur:2 cpbdur:2 q:33.19 aq:27.19 tex:229690 mv:50909 misc:761 imb:6223 pmb:1934 smb:3 d:s ref:0 w:6,67,-27,6,74,-18,67,-4 ;
in:1206 out:1207 type:b dur:2 cpbdur:2 q:33.19 aq:27.67 tex:38963 mv:19347 misc:6818 imb:739 pmb:2546 smb:4875 d:s ref:0 ;
in:1208 out:1208 type:P dur:2 cpbdur:2 q:33.22 aq:27.52 tex:183099 mv:53620 misc:1833 imb:4803 pmb:3040 smb:317 d:s ref:0 w:6,65,-11,6,70,-12,65,-1 ;
in:1210 out:1209 type:P dur:2 cpbdur:2 q:33.23 aq:25.80 tex:272257 mv:60575 misc:1056 imb:5046 pmb:3068 smb:46 d:s ref:0 w:6,67,-20,6,60,11,47,32 ;
in:1209 out:1210 type:b dur:2 cpbdur:2 q:33.22 aq:33.20 tex:6819 mv:7123 misc:3466 imb:21 pmb:879 smb:7260 d:s ref:0 ;
in:1214 out:1211 type:P dur:2 cpbdur:2 q:33.27 aq:27.84 tex:110857 mv:30184 misc:5575 imb:1021 pmb:2971 smb:4168 d:s ref:0 ;
in:1212 out:1212 type:B dur:2 cpbdur:2 q:33.25 aq:29.82 tex:19032 mv:10864 misc:4784 imb:56 pmb:1409 smb:6695 d:t ref:0 ;
in:1211 out:1213 type:b dur:2 cpbdur:2 q:33.24 aq:30.52 tex:5206 mv:5973 misc:3349 imb:14 pmb:825 smb:7321 d:s ref:0 ;
in:1213 out:1214 type:b dur:2 cpbdur:2 q:33.26 aq:31.54 tex:8990 mv:6529 misc:3369 imb:16 pmb:864 smb:7280 d:- ref:0 ;
in:1218 out:1215 type:P dur:2 cpbdur:2 q:33.32 aq:27.48 tex:88386 mv:36369 misc:5997 imb:1678 pmb:2949 smb:3533 d:s ref:0 ;
in:1216 out:1216 type:B dur:2 cpbdur:2 q:33.30 aq:29.84 tex:19656 mv:14590 misc:5786 imb:108 pmb:1808 smb:6244 d:s ref:0 ;
in:1215 out:1217 type:b dur:2 cpbdur:2 q:33.29 aq:29.40 tex:10739 mv:9021 misc:3600 imb:157 pmb:937 smb:7066 d:s ref:0 ;
in:1217 out:1218 type:b dur:2 cpbdur:2 q:33.31 aq:30.56 tex:5326 mv:5299 misc:3199 imb:26 pmb:683 smb:7451 d:- ref:0 ;
in:1222 out:1219 type:P dur:2 cpbdur:2 q:33.26 aq:26.93 tex:69054 mv:33421 misc:5661 imb:2225 pmb:2325 smb:3610 d:s ref:0 ;
in:1220 out:1220 type:B dur:2 cpbdur:2 q:33.29 aq:29.35 tex:27550 mv:17476 misc:6246 imb:151 pmb:2083 smb:5926 d:s ref:0 ;
in:1219 out:1221 type:b dur:2 cpbdur:2 q:33.31 aq:30.24 tex:7569 mv:8019 misc:4044 imb:29 pmb:1021 smb:7110 d:s ref:0 ;
in:1221 out:1222 type:b dur:2 cpbdur:2 q:33.28 aq:29.75 tex:9267 mv:7506 misc:3987 imb:42 pmb:1024 smb:7094 d:- ref:0 ;
in:1226 out:1223 type:P dur:2 cpbdur:2 q:33.18 aq:21.37 tex:57717 mv:22378 misc:3505 imb:4341 pmb:950 smb:2869 d:s ref:0 ;
in:1224 out:1224 type:B dur:2 cpbdur:2 q:33.22 aq:28.85 tex:35194 mv:19778 misc:5876 imb:396 pmb:1872 smb:5892 d:s ref:0 ;
in:1223 out:1225 type:b dur:2 cpbdur:2 q:33.24 aq:28.84 tex:12640 mv:11789 misc:4227 imb:100 pmb:1258 smb:6802 d:s ref:0 ;
in:1225 out:1226 type:b dur:2 cpbdur:2 q:33.20 aq:28.80 tex:16616 mv:11401 misc:3935 imb:131 pmb:1217 smb:6812 d:- ref:0 ;
in:1230 out:1227 type:P dur:2 cpbdur:2 q:33.10 aq:18.42 tex:41757 mv:12689 misc:2274 imb:3671 pmb:388 smb:4101 d:s ref:0 ;
in:1228 out:1228 type:B dur:2 cpbdur:2 q:33.14 aq:28.97 tex:17737 mv:9461 misc:3194 imb:246 pmb:891 smb:7023 d:s ref:0 ;
in:1227 out:1229 type:b dur:2 cpbdur:2 q:33.16 aq:27.24 tex:10260 mv:8399 misc:3005 imb:143 pmb:1079 smb:6938 d:s ref:0 ;
in:1229 out:1230 type:b dur:2 cpbdur:2 q:33.12 aq:26.31 tex:9202 mv:6388 misc:2546 imb:70 pmb:850 smb:7240 d:- ref:0 ;
in:1234 out:1231 type:P dur:2 cpbdur:2 q:33.03 aq:17.82 tex:16970 mv:4753 misc:2477 imb:648 pmb:392 smb:7120 d:s ref:0 ;
in:1232 out:1232 type:B dur:2 cpbdur:2 q:33.06 aq:20.80 tex:1066 mv:2158 misc:1232 imb:41 pmb:259 smb:7860 d:s ref:0 ;
in:1231 out:1233 type:b dur:2 cpbdur:2 q:33.08 aq:23.90 tex:3401 mv:1983 misc:1176 imb:16 pmb:259 smb:7885 d:s ref:0 ;
in:1233 out:1234 type:b dur:2 cpbdur:2 q:33.05 aq:21.63 tex:558 mv:1229 misc:973 imb:15 pmb:151 smb:7994 d:- ref:0 ;
in:1238 out:1235 type:P dur:2 cpbdur:2 q:32.95 aq:22.52 tex:16649 mv:3593 misc:2142 imb:245 pmb:356 smb:7559 d:s ref:0 ;
in:1236 out:1236 type:B dur:2 cpbdur:2 q:32.99 aq:29.89 tex:3163 mv:2860 misc:1593 imb:55 pmb:376 smb:7729 d:s ref:0 ;
in:1235 out:1237 type:b dur:2 cpbdur:2 q:33.01 aq:21.38 tex:1067 mv:1637 misc:1192 imb:17 pmb:228 smb:7915 d:s ref:0 ;
in:1237 out:1238 type:b dur:2 cpbdur:2 q:32.97 aq:22.48 tex:3846 mv:2361 misc:1641 imb:35 pmb:391 smb:7734 d:- ref:0 ;
in:1241 out:1239 type:P dur:2 cpbdur:2 q:32.84 aq:23.90 tex:24122 mv:5693 misc:2233 imb:537 pmb:392 smb:7231 d:s ref:0 ;
in:1239 out:1240 type:B dur:2 cpbdur:2 q:32.91 aq:28.71 tex:6214 mv:3453 misc:2173 imb:51 pmb:639 smb:7470 d:s ref:0 ;
in:1240 out:1241 type:b dur:2 cpbdur:2 q:32.88 aq:26.07 tex:4944 mv:4958 misc:2186 imb:74 pmb:595 smb:7491 d:- ref:0 ;
in:1244 out:1242 type:P dur:2 cpbdur:2 q:32.77 aq:23.81 tex:39003 mv:6994 misc:2683 imb:746 pmb:428 smb:6986 d:s ref:0 ;
in:1242 out:1243 type:B dur:2 cpbdur:2 q:32.82 aq:29.89 tex:10466 mv:6388 misc:2802 imb:127 pmb:857 smb:7176 d:s ref:0 ;
in:1243 out:1244 type:b dur:2 cpbdur:2 q:32.79 aq:26.43 tex:11412 mv:6632 misc:2820 imb:84 pmb:909 smb:7167 d:- ref:0 ;
in:1247 out:1245 type:P dur:2 cpbdur:2 q:32.68 aq:23.13 tex:57787 mv:9156 misc:3265 imb:949 pmb:552 smb:6659 d:s ref:0 ;
in:1245 out:1246 type:B dur:2 cpbdur:2 q:32.74 aq:27.76 tex:17468 mv:6355 misc:3337 imb:102 pmb:1101 smb:6957 d:s ref:0 ;
in:1246 out:1247 type:b dur:2 cpbdur:2 q:32.71 aq:30.23 tex:12690 mv:7696 misc:3214 imb:91 pmb:1066 smb:7003 d:- ref:0 ;
in:1251 out:1248 type:P dur:2 cpbdur:2 q:32.62 aq:23.03 tex:61278 mv:9243 misc:3191 imb:926 pmb:549 smb:6685 d:s ref:0 ;
in:1249 out:1249 type:B dur:2 cpbdur:2 q:32.65 aq:26.75 tex:27681 mv:8544 misc:3791 imb:178 pmb:1356 smb:6626 d:s ref:0 ;
in:1248 out:1250 type:b dur:2 cpbdur:2 q:32.67 aq:26.78 tex:16836 mv:8660 misc:3600 imb:136 pmb:1212 smb:6812 d:s ref:0 ;
in:1250 out:1251 type:b dur:2 cpbdur:2 q:32.63 aq:30.04 tex:18426 mv:8389 misc:3705 imb:125 pmb:1245 smb:6790 d:- ref:0 ;
in:1255 out:1252 type:P dur:2 cpbdur:2 q:32.55 aq:22.47 tex:53500 mv:9333 misc:3487 imb:975 pmb:543 smb:6642 d:s ref:0 ;
in:1253 out:1253 type:B dur:2 cpbdur:2 q:32.58 aq:30.23 tex:29298 mv:8437 misc:3961 imb:166 pmb:1396 smb:6598 d:s ref:0 ;
in:1252 out:1254 type:b dur:2 cpbdur:2 q:32.60 aq:26.92 tex:20053 mv:7777 misc:3770 imb:131 pmb:1224 smb:6805 d:s ref:0 ;
in:1254 out:1255 type:b dur:2 cpbdur:2 q:32.57 aq:30.83 tex:20896 mv:8925 misc:3819 imb:118 pmb:1341 smb:6701 d:- ref:0 ;
in:1257 out:1256 type:P dur:2 cpbdur:2 q:32.47 aq:22.13 tex:64972 mv:10911 misc:3485 imb:1348 pmb:497 smb:6315 d:s ref:0 ;
in:1256 out:1257 type:b dur:2 cpbdur:2 q:32.51 aq:27.80 tex:24343 mv:10898 misc:3727 imb:368 pmb:1332 smb:6460 d:s ref:0 ;
in:1261 out:1258 type:P dur:2 cpbdur:2 q:32.44 aq:20.67 tex:77023 mv:10889 misc:3056 imb:1139 pmb:518 smb:6503 d:s ref:0 ;
in:1259 out:1259 type:B dur:2 cpbdur:2 q:32.46 aq:25.70 tex:38076 mv:12002 misc:3546 imb:282 pmb:1390 smb:6488 d:s ref:0 ;
in:1258 out:1260 type:b dur:2 cpbdur:2 q:32.46 aq:26.05 tex:24643 mv:10576 misc:3493 imb:168 pmb:1323 smb:6669 d:s ref:0 ;
in:1260 out:1261 type:b dur:2 cpbdur:2 q:32.45 aq:27.92 tex:20098 mv:7711 misc:3255 imb:139 pmb:1142 smb:6879 d:- ref:0 ;
in:1262 out:1262 type:P dur:2 cpbdur:2 q:32.39 aq:20.24 tex:43462 mv:10349 misc:3245 imb:921 pmb:736 smb:6503 d:s ref:0 w:6,69,-18,4,17,-8,16,0 ;
in:1264 out:1263 type:P dur:2 cpbdur:2 q:32.37 aq:19.21 tex:69495 mv:9196 misc:2837 imb:771 pmb:608 smb:6781 d:s ref:0 ;
in:1263 out:1264 type:b dur:2 cpbdur:2 q:32.38 aq:28.67 tex:14316 mv:8662 misc:2694 imb:96 pmb:1014 smb:7050 d:s ref:0 ;
in:1266 out:1265 type:P dur:2 cpbdur:2 q:32.35 aq:19.85 tex:80868 mv:8669 misc:2335 imb:691 pmb:571 smb:6898 d:s ref:0 ;
in:1265 out:1266 type:b dur:2 cpbdur:2 q:32.36 aq:27.57 tex:12114 mv:7439 misc:2263 imb:151 pmb:751 smb:7258 d:s ref:0 ;
in:1270 out:1267 type:P dur:2 cpbdur:2 q:32.32 aq:18.34 tex:56260 mv:7769 misc:2155 imb:618 pmb:548 smb:6994 d:s ref:0 ;
in:1268 out:1268 type:B dur:2 cpbdur:2 q:32.33 aq:27.03 tex:22203 mv:6739 misc:2194 imb:169 pmb:723 smb:7268 d:s ref:0 ;
in:1267 out:1269 type:b dur:2 cpbdur:2 q:32.34 aq:27.44 tex:10486 mv:5709 misc:1957 imb:78 pmb:636 smb:7446 d:s ref:0 ;
in:1269 out:1270 type:b dur:2 cpbdur:2 q:32.33 aq:27.56 tex:11449 mv:3948 misc:1683 imb:46 pmb:514 smb:7600 d:- ref:0 ;
in:1274 out:1271 type:P dur:2 cpbdur:2 q:32.24 aq:18.72 tex:40566 mv:6343 misc:2075 imb:442 pmb:483 smb:7235 d:s ref:0 ;
in:1272 out:1272 type:B dur:2 cpbdur:2 q:32.28 aq:27.35 tex:13237 mv:4164 misc:1551 imb:75 pmb:463 smb:7622 d:s ref:0 ;
in:1271 out:1273 type:b dur:2 cpbdur:2 q:32.30 aq:27.30 tex:7601 mv:3105 misc:1358 imb:45 pmb:377 smb:7738 d:s ref:0 ;
in:1273 out:1274 type:b dur:2 cpbdur:2 q:32.26 aq:27.45 tex:7655 mv:2884 misc:1149 imb:33 pmb:318 smb:7809 d:- ref:0 ;
in:1278 out:1275 type:P dur:2 cpbdur:2 q:32.15 aq:20.49 tex:30752 mv:4530 misc:1646 imb:217 pmb:429 smb:7514 d:s ref:0 ;
in:1276 out:1276 type:B dur:2 cpbdur:2 q:32.20 aq:25.21 tex:7107 mv:3564 misc:1473 imb:54 pmb:385 smb:7721 d:s ref:0 ;
in:1275 out:1277 type:b dur:2 cpbdur:2 q:32.22 aq:26.90 tex:5682 mv:2526 misc:1096 imb:26 pmb:262 smb:7872 d:s ref:0 ;
in:1277 out:1278 type:b dur:2 cpbdur:2 q:32.17 aq:25.64 tex:3365 mv:2227 misc:1192 imb:25 pmb:291 smb:7844 d:- ref:0 ;
in:1282 out:1279 type:P dur:2 cpbdur:2 q:32.06 aq:22.06 tex:13469 mv:3520 misc:1307 imb:234 pmb:287 smb:7639 d:s ref:0 ;
in:1280 out:1280 type:B dur:2 cpbdur:2 q:32.10 aq:27.33 tex:5377 mv:2091 misc:1252 imb:9 pmb:286 smb:7865 d:s ref:0 ;
in:1279 out:1281 type:b dur:2 cpbdur:2 q:32.13 aq:25.54 tex:2914 mv:1393 misc:909 imb:18 pmb:148 smb:7994 d:s ref:0 ;
in:1281 out:1282 type:b dur:2 cpbdur:2 q:32.08 aq:25.49 tex:2671 mv:1291 misc:1030 imb:9 pmb:198 smb:7953 d:- ref:0 ;
in:1285 out:1283 type:P dur:2 cpbdur:2 q:31.95 aq:23.38 tex:12102 mv:2978 misc:1208 imb:570 pmb:82 smb:7508 d:s ref:0 ;
in:1283 out:1284 type:B dur:2 cpbdur:2 q:32.02 aq:20.46 tex:2819 mv:1089 misc:1188 imb:14 pmb:238 smb:7908 d:s ref:0 ;
in:1284 out:1285 type:b dur:2 cpbdur:2 q:31.99 aq:22.11 tex:4422 mv:1410 misc:1144 imb:31 pmb:222 smb:7907 d:- ref:0 ;
in:1286 out:1286 type:P dur:2 cpbdur:2 q:31.87 aq:22.71 tex:13989 mv:4239 misc:1444 imb:424 pmb:159 smb:7577 d:s ref:0 ;
in:1287 out:1287 type:P dur:2 cpbdur:2 q:31.84 aq:18.43 tex:28376 mv:14458 misc:2622 imb:2746 pmb:566 smb:4848 d:s ref:0 ;
in:1288 out:1288 type:P dur:2 cpbdur:2 q:31.82 aq:18.95 tex:30893 mv:19075 misc:2888 imb:4138 pmb:526 smb:3496 d:s ref:0 w:6,71,-25,6,71,-14,73,-18 ;
in:1289 out:1289 type:P dur:2 cpbdur:2 q:31.80 aq:19.61 tex:42685 mv:17932 misc:2591 imb:3409 pmb:587 smb:4164 d:s ref:0 w:3,9,-29,6,69,-10,64,0 ;
in:1290 out:1290 type:P dur:2 cpbdur:2 q:31.77 aq:19.06 tex:45158 mv:16413 misc:2205 imb:2817 pmb:500 smb:4843 d:s ref:0 w:3,9,-29 ;
in:1291 out:1291 type:P dur:2 cpbdur:2 q:31.75 aq:18.39 tex:44069 mv:13886 misc:2469 imb:2085 pmb:554 smb:5521 d:s ref:0 ;
in:1292 out:1292 type:P dur:2 cpbdur:2 q:31.73 aq:16.41 tex:54964 mv:13012 misc:4072 imb:1600 pmb:855 smb:5705 d:s ref:0 ;
in:1294 out:1293 type:P dur:2 cpbdur:2 q:31.72 aq:15.67 tex:32111 mv:5993 misc:2424 imb:732 pmb:396 smb:7032 d:s ref:0 ;
in:1293 out:1294 type:b dur:2 cpbdur:2 q:31.72 aq:23.16 tex:5448 mv:3209 misc:1383 imb:87 pmb:315 smb:7758 d:s ref:0 ;
in:1295 out:1295 type:P dur:2 cpbdur:2 q:31.68 aq:14.08 tex:53246 mv:4722 misc:2560 imb:472 pmb:351 smb:7337 d:s ref:0 w:5,33,-7 ;
in:1299 out:1296 type:P dur:2 cpbdur:2 q:31.67 aq:15.05 tex:27357 mv:4161 misc:2002 imb:344 pmb:321 smb:7495 d:s ref:0 w:5,33,-7,4,17,-8,19,-24 ;
in:1297 out:1297 type:B dur:2 cpbdur:2 q:31.68 aq:19.49 tex:3584 mv:2791 misc:977 imb:102 pmb:180 smb:7878 d:t ref:0 ;
in:1296 out:1298 type:b dur:2 cpbdur:2 q:31.68 aq:18.90 tex:1305 mv:1714 misc:821 imb:52 pmb:121 smb:7987 d:s ref:0 ;
in:1298 out:1299 type:b dur:2 cpbdur:2 q:31.67 aq:20.59 tex:1637 mv:1528 misc:883 imb:76 pmb:101 smb:7983 d:- ref:0 ;
in:1303 out:1300 type:P dur:2 cpbdur:2 q:31.59 aq:15.58 tex:31789 mv:4520 misc:2091 imb:330 pmb:358 smb:7472 d:s ref:0 ;
in:1301 out:1301 type:B dur:2 cpbdur:2 q:31.63 aq:25.97 tex:2309 mv:2649 misc:1154 imb:67 pmb:231 smb:7862 d:s ref:0 ;
in:1300 out:1302 type:b dur:2 cpbdur:2 q:31.65 aq:25.99 tex:1004 mv:1610 misc:986 imb:18 pmb:187 smb:7955 d:s ref:0 ;
in:1302 out:1303 type:b dur:2 cpbdur:2 q:31.61 aq:28.37 tex:936 mv:588 misc:660 imb:9 pmb:69 smb:8082 d:- ref:0 ;
in:1307 out:1304 type:P dur:2 cpbdur:2 q:31.49 aq:15.32 tex:48476 mv:4313 misc:1979 imb:253 pmb:368 smb:7539 d:s ref:0 ;
in:1305 out:1305 type:B dur:2 cpbdur:2 q:31.54 aq:20.98 tex:3569 mv:1418 misc:925 imb:13 pmb:148 smb:7999 d:s ref:0 ;
in:1304 out:1306 type:b dur:2 cpbdur:2 q:31.56 aq:30.09 tex:523 mv:789 misc:680 imb:3 pmb:71 smb:8086 d:s ref:0 ;
in:1306 out:1307 type:b dur:2 cpbdur:2 q:31.52 aq:29.61 tex:1001 mv:466 misc:589 imb:0 pmb:63 smb:8097 d:- ref:0 ;
in:1311 out:1308 type:P dur:2 cpbdur:2 q:31.39 aq:17.01 tex:52342 mv:6125 misc:1949 imb:414 pmb:442 smb:7304 d:s ref:0 ;
in:1309 out:1309 type:B dur:2 cpbdur:2 q:31.44 aq:25.18 tex:2689 mv:3649 misc:1334 imb:175 pmb:286 smb:7699 d:s ref:0 ;
in:1308 out:1310 type:b dur:2 cpbdur:2 q:31.47 aq:18.76 tex:494 mv:941 misc:1085 imb:3 pmb:229 smb:7928 d:s ref:0 ;
in:1310 out:1311 type:b dur:2 cpbdur:2 q:31.42 aq:26.29 tex:2084 mv:1080 misc:796 imb:26 pmb:134 smb:8000 d:- ref:0 ;
in:1315 out:1312 type:P dur:2 cpbdur:2 q:31.29 aq:16.39 tex:78349 mv:6855 misc:2108 imb:335 pmb:537 smb:7288 d:s ref:0 ;
in:1313 out:1313 type:B dur:2 cpbdur:2 q:31.34 aq:21.30 tex:6694 mv:2953 misc:1225 imb:21 pmb:312 smb:7827 d:s ref:0 ;
in:1312 out:1314 type:b dur:2 cpbdur:2 q:31.36 aq:23.79 tex:1974 mv:1214 misc:868 imb:4 pmb:179 smb:7977 d:s ref:0 ;
in:1314 out:1315 type:b dur:2 cpbdur:2 q:31.31 aq:29.12 tex:994 mv:1041 misc:781 imb:5 pmb:107 smb:8048 d:- ref:0 ;
in:1319 out:1316 type:P dur:2 cpbdur:2 q:31.20 aq:16.75 tex:75764 mv:6773 misc:2135 imb:261 pmb:652 smb:7247 d:s ref:0 ;
in:1317 out:1317 type:B dur:2 cpbdur:2 q:31.24 aq:27.90 tex:1504 mv:2882 misc:1382 imb:14 pmb:298 smb:7848 d:s ref:0 ;
in:1316 out:1318 type:b dur:2 cpbdur:2 q:31.27 aq:27.71 tex:876 mv:770 misc:1082 imb:5 pmb:223 smb:7932 d:s ref:0 ;
in:1318 out:1319 type:b dur:2 cpbdur:2 q:31.22 aq:26.58 tex:248 mv:287 misc:609 imb:2 pmb:63 smb:8095 d:- ref:0 ;
in:1323 out:1320 type:P dur:2 cpbdur:2 q:31.10 aq:17.25 tex:42040 mv:6228 misc:2364 imb:248 pmb:676 smb:7236 d:s ref:0 ;
in:1321 out:1321 type:B dur:2 cpbdur:2 q:31.15 aq:25.60 tex:2332 mv:2532 misc:1312 imb:57 pmb:202 smb:7901 d:t ref:0 ;
in:1320 out:1322 type:b dur:2 cpbdur:2 q:31.17 aq:21.53 tex:226 mv:257 misc:669 imb:2 pmb:60 smb:8098 d:s ref:0 ;
in:1322 out:1323 type:b dur:2 cpbdur:2 q:31.13 aq:28.52 tex:806 mv:314 misc:592 imb:5 pmb:49 smb:8106 d:- ref:0 ;
in:1327 out:1324 type:P dur:2 cpbdur:2 q:31.00 aq:16.30 tex:49817 mv:6981 misc:2570 imb:271 pmb:709 smb:7180 d:s ref:0 ;
in:1325 out:1325 type:B dur:2 cpbdur:2 q:31.05 aq:27.65 tex:3521 mv:3436 misc:1427 imb:25 pmb:322 smb:7813 d:s ref:0 ;
in:1324 out:1326 type:b dur:2 cpbdur:2 q:31.08 aq:27.58 tex:560 mv:981 misc:1003 imb:4 pmb:192 smb:7964 d:s ref:0 ;
in:1326 out:1327 type:b dur:2 cpbdur:2 q:31.03 aq:30.18 tex:705 mv:419 misc:652 imb:2 pmb:55 smb:8103 d:- ref:0 ;
in:1331 out:1328 type:P dur:2 cpbdur:2 q:30.90 aq:17.10 tex:44345 mv:6647 misc:2472 imb:307 pmb:679 smb:7174 d:s ref:0 ;
in:1329 out:1329 type:B dur:2 cpbdur:2 q:30.95 aq:26.00 tex:2468 mv:3073 misc:1267 imb:108 pmb:185 smb:7867 d:t ref:0 ;
in:1328 out:1330 type:b dur:2 cpbdur:2 q:30.98 aq:22.29 tex:280 mv:483 misc:789 imb:4 pmb:93 smb:8063 d:s ref:0 ;
in:1330 out:1331 type:b dur:2 cpbdur:2 q:30.92 aq:25.71 tex:1098 mv:622 misc:728 imb:12 pmb:86 smb:8062 d:- ref:0 ;
in:1335 out:1332 type:P dur:2 cpbdur:2 q:30.79 aq:16.82 tex:54608 mv:7099 misc:2389 imb:228 pmb:735 smb:7197 d:s ref:0 ;
in:1333 out:1333 type:B dur:2 cpbdur:2 q:30.85 aq:27.00 tex:4326 mv:3795 misc:1551 imb:17 pmb:371 smb:7772 d:s ref:0 ;
in:1332 out:1334 type:b dur:2 cpbdur:2 q:30.87 aq:27.49 tex:640 mv:1025 misc:1039 imb:2 pmb:188 smb:7970 d:s ref:0 ;
in:1334 out:1335 type:b dur:2 cpbdur:2 q:30.82 aq:30.80 tex:621 mv:610 misc:665 imb:2 pmb:70 smb:8088 d:- ref:0 ;
in:1339 out:1336 type:P dur:2 cpbdur:2 q:30.69 aq:16.17 tex:56948 mv:7196 misc:2408 imb:238 pmb:791 smb:7131 d:s ref:0 ;
in:1337 out:1337 type:B dur:2 cpbdur:2 q:30.74 aq:24.95 tex:963 mv:1954 misc:1323 imb:4 pmb:236 smb:7920 d:s ref:0 ;
in:1336 out:1338 type:b dur:2 cpbdur:2 q:30.77 aq:29.12 tex:701 mv:547 misc:736 imb:6 pmb:89 smb:8065 d:s ref:0 ;
in:1338 out:1339 type:b dur:2 cpbdur:2 q:30.72 aq:18.61 tex:50 mv:240 misc:670 imb:1 pmb:47 smb:8112 d:- ref:0 ;
in:1343 out:1340 type:P dur:2 cpbdur:2 q:30.59 aq:15.42 tex:41544 mv:7008 misc:2448 imb:245 pmb:812 smb:7103 d:s ref:0 ;
in:1341 out:1341 type:B dur:2 cpbdur:2 q:30.64 aq:25.62 tex:1472 mv:2821 misc:1475 imb:20 pmb:297 smb:7843 d:s ref:0 ;
in:1340 out:1342 type:b dur:2 cpbdur:2 q:30.67 aq:18.62 tex:132 mv:774 misc:822 imb:6 pmb:109 smb:8045 d:s ref:0 ;
in:1342 out:1343 type:b dur:2 cpbdur:2 q:30.62 aq:31.19 tex:224 mv:308 misc:612 imb:4 pmb:37 smb:8119 d:- ref:0 ;
in:1347 out:1344 type:P dur:2 cpbdur:2 q:30.48 aq:16.77 tex:44436 mv:9524 misc:2232 imb:378 pmb:823 smb:6959 d:s ref:0 ;
in:1345 out:1345 type:B dur:2 cpbdur:2 q:30.54 aq:25.39 tex:5764 mv:6593 misc:1555 imb:82 pmb:472 smb:7606 d:s ref:0 ;
in:1344 out:1346 type:b dur:2 cpbdur:2 q:30.56 aq:24.25 tex:1377 mv:3067 misc:1348 imb:24 pmb:320 smb:7816 d:s ref:0 ;
in:1346 out:1347 type:b dur:2 cpbdur:2 q:30.51 aq:30.97 tex:2381 mv:4739 misc:1280 imb:26 pmb:363 smb:7771 d:- ref:0 ;
in:1351 out:1348 type:P dur:2 cpbdur:2 q:30.38 aq:15.92 tex:57020 mv:11187 misc:2177 imb:568 pmb:820 smb:6772 d:s ref:0 ;
in:1349 out:1349 type:B dur:2 cpbdur:2 q:30.43 aq:19.53 tex:6592 mv:8125 misc:1859 imb:97 pmb:639 smb:7424 d:s ref:0 ;
in:1348 out:1350 type:b dur:2 cpbdur:2 q:30.46 aq:21.83 tex:2621 mv:5530 misc:1369 imb:44 pmb:415 smb:7701 d:t ref:0 ;
in:1350 out:1351 type:b dur:2 cpbdur:2 q:30.41 aq:19.73 tex:2488 mv:5467 misc:1533 imb:54 pmb:455 smb:7651 d:- ref:0 ;
in:1354 out:1352 type:P dur:2 cpbdur:2 q:30.28 aq:15.82 tex:80660 mv:11112 misc:2356 imb:515 pmb:884 smb:6761 d:s ref:0 ;
in:1352 out:1353 type:B dur:2 cpbdur:2 q:30.35 aq:23.90 tex:12388 mv:8814 misc:1590 imb:149 pmb:599 smb:7412 d:s ref:0 ;
in:1353 out:1354 type:b dur:2 cpbdur:2 q:30.31 aq:24.11 tex:4333 mv:7220 misc:1583 imb:131 pmb:485 smb:7544 d:- ref:0 ;
in:1355 out:1355 type:P dur:2 cpbdur:2 q:30.22 aq:15.18 tex:65390 mv:9500 misc:2686 imb:453 pmb:888 smb:6819 d:s ref:0 ;
in:1359 out:1356 type:P dur:2 cpbdur:2 q:30.20 aq:14.52 tex:80711 mv:11214 misc:2307 imb:589 pmb:848 smb:6723 d:s ref:0 ;
in:1357 out:1357 type:B dur:2 cpbdur:2 q:30.21 aq:20.63 tex:9052 mv:9380 misc:1680 imb:134 pmb:623 smb:7403 d:s ref:0 ;
in:1356 out:1358 type:b dur:2 cpbdur:2 q:30.21 aq:22.13 tex:4022 mv:7107 misc:1583 imb:101 pmb:440 smb:7619 d:s ref:0 ;
in:1358 out:1359 type:b dur:2 cpbdur:2 q:30.20 aq:20.96 tex:3592 mv:6278 misc:1530 imb:71 pmb:463 smb:7626 d:- ref:0 ;
in:1363 out:1360 type:P dur:2 cpbdur:2 q:30.11 aq:13.51 tex:77274 mv:10272 misc:2294 imb:466 pmb:833 smb:6861 d:s ref:0 ;
in:1361 out:1361 type:B dur:2 cpbdur:2 q:30.15 aq:18.62 tex:7783 mv:7793 misc:1488 imb:98 pmb:536 smb:7526 d:s ref:0 ;
in:1360 out:1362 type:b dur:2 cpbdur:2 q:30.18 aq:27.24 tex:2797 mv:5981 misc:1502 imb:54 pmb:425 smb:7681 d:s ref:0 ;
in:1362 out:1363 type:b dur:2 cpbdur:2 q:30.13 aq:25.67 tex:3202 mv:5092 misc:1418 imb:36 pmb:392 smb:7732 d:- ref:0 ;
in:1367 out:1364 type:P dur:2 cpbdur:2 q:30.03 aq:15.14 tex:72778 mv:9362 misc:2460 imb:397 pmb:863 smb:6900 d:s ref:0 ;
in:1365 out:1365 type:B dur:2 cpbdur:2 q:30.07 aq:21.94 tex:6922 mv:6261 misc:1553 imb:41 pmb:495 smb:7624 d:s ref:0 ;
in:1364 out:1366 type:b dur:2 cpbdur:2 q:30.09 aq:26.98 tex:3666 mv:5203 misc:1387 imb:44 pmb:393 smb:7723 d:s ref:0 ;
in:1366 out:1367 type:b dur:2 cpbdur:2 q:30.05 aq:29.82 tex:2822 mv:4006 misc:1316 imb:35 pmb:312 smb:7813 d:- ref:0 ;
in:1371 out:1368 type:P dur:2 cpbdur:2 q:29.94 aq:15.10 tex:76233 mv:8089 misc:2374 imb:322 pmb:823 smb:7015 d:s ref:0 ;
in:1369 out:1369 type:B dur:2 cpbdur:2 q:29.98 aq:18.10 tex:3724 mv:3284 misc:1392 imb:30 pmb:323 smb:7807 d:s ref:0 ;
in:1368 out:1370 type:b dur:2 cpbdur:2 q:30.01 aq:25.07 tex:2218 mv:3949 misc:1265 imb:54 pmb:325 smb:7781 d:s ref:0 ;
in:1370 out:1371 type:b dur:2 cpbdur:2 q:29.96 aq:32.33 tex:354 mv:425 misc:733 imb:2 pmb:68 smb:8090 d:- ref:0 ;
in:1375 out:1372 type:P dur:2 cpbdur:2 q:29.84 aq:15.54 tex:46649 mv:5870 misc:2361 imb:221 pmb:775 smb:7164 d:s ref:0 ;
in:1373 out:1373 type:B dur:2 cpbdur:2 q:29.89 aq:23.29 tex:638 mv:1474 misc:1232 imb:13 pmb:204 smb:7943 d:s ref:0 ;
in:1372 out:1374 type:b dur:2 cpbdur:2 q:29.91 aq:16.75 tex:66 mv:502 misc:968 imb:6 pmb:163 smb:7991 d:s ref:0 ;
in:1374 out:1375 type:b dur:2 cpbdur:2 q:29.86 aq:29.09 tex:87 mv:152 misc:513 imb:5 pmb:22 smb:8133 d:- ref:0 ;
in:1379 out:1376 type:P dur:2 cpbdur:2 q:29.74 aq:15.58 tex:45512 mv:5729 misc:2463 imb:251 pmb:725 smb:7184 d:s ref:0 ;
in:1377 out:1377 type:B dur:2 cpbdur:2 q:29.79 aq:24.11 tex:823 mv:894 misc:963 imb:9 pmb:133 smb:8018 d:s ref:0 ;
in:1376 out:1378 type:b dur:2 cpbdur:2 q:29.81 aq:16.42 tex:38 mv:199 misc:635 imb:1 pmb:55 smb:8104 d:s ref:0 ;
in:1378 out:1379 type:b dur:2 cpbdur:2 q:29.76 aq:30.16 tex:434 mv:230 misc:568 imb:5 pmb:31 smb:8124 d:- ref:0 ;
in:1383 out:1380 type:P dur:2 cpbdur:2 q:29.63 aq:16.23 tex:42209 mv:5462 misc:2481 imb:197 pmb:762 smb:7201 d:s ref:0 ;
in:1381 out:1381 type:B dur:2 cpbdur:2 q:29.68 aq:18.71 tex:788 mv:927 misc:1085 imb:5 pmb:190 smb:7965 d:s ref:0 ;
in:1380 out:1382 type:b dur:2 cpbdur:2 q:29.71 aq:18.39 tex:226 mv:469 misc:793 imb:2 pmb:132 smb:8026 d:s ref:0 ;
in:1382 out:1383 type:b dur:2 cpbdur:2 q:29.65 aq:19.50 tex:108 mv:119 misc:565 imb:0 pmb:35 smb:8125 d:- ref:0 ;
in:1387 out:1384 type:P dur:2 cpbdur:2 q:29.51 aq:16.45 tex:46108 mv:5425 misc:2259 imb:204 pmb:746 smb:7210 d:s ref:0 ;
in:1385 out:1385 type:B dur:2 cpbdur:2 q:29.57 aq:26.24 tex:728 mv:783 misc:993 imb:3 pmb:146 smb:8011 d:s ref:0 ;
in:1384 out:1386 type:b dur:2 cpbdur:2 q:29.60 aq:21.51 tex:215 mv:331 misc:614 imb:6 pmb:59 smb:8095 d:s ref:0 ;
in:1386 out:1387 type:b dur:2 cpbdur:2 q:29.54 aq:20.00 tex:45 mv:180 misc:543 imb:4 pmb:39 smb:8117 d:- ref:0 ;
in:1391 out:1388 type:P dur:2 cpbdur:2 q:29.40 aq:16.93 tex:43805 mv:5230 misc:2373 imb:199 pmb:725 smb:7236 d:s ref:0 ;
in:1389 out:1389 type:B dur:2 cpbdur:2 q:29.45 aq:18.62 tex:1178 mv:1313 misc:1333 imb:8 pmb:250 smb:7902 d:s ref:0 ;
in:1388 out:1390 type:b dur:2 cpbdur:2 q:29.48 aq:21.31 tex:358 mv:764 misc:998 imb:7 pmb:183 smb:7970 d:s ref:0 ;
in:1390 out:1391 type:b dur:2 cpbdur:2 q:29.43 aq:18.67 tex:50 mv:148 misc:594 imb:1 pmb:32 smb:8127 d:- ref:0 ;
in:1392 out:1392 type:P dur:2 cpbdur:2 q:29.28 aq:15.63 tex:20782 mv:3233 misc:2201 imb:143 pmb:479 smb:7538 d:s ref:0 ;
in:1393 out:1393 type:P dur:2 cpbdur:2 q:29.26 aq:15.44 tex:30627 mv:3535 misc:2590 imb:157 pmb:643 smb:7360 d:s ref:0 ;
in:1395 out:1394 type:P dur:2 cpbdur:2 q:29.24 aq:15.60 tex:39511 mv:4161 misc:2336 imb:226 pmb:517 smb:7417 d:s ref:0 ;
in:1394 out:1395 type:b dur:2 cpbdur:2 q:29.25 aq:18.43 tex:7211 mv:1188 misc:825 imb:43 pmb:134 smb:7983 d:s ref:0 ;
in:1396 out:1396 type:P dur:2 cpbdur:2 q:29.18 aq:15.51 tex:37063 mv:4358 misc:2331 imb:210 pmb:530 smb:7420 d:s ref:0 ;
in:1397 out:1397 type:P dur:2 cpbdur:2 q:29.15 aq:14.68 tex:55402 mv:4412 misc:2866 imb:189 pmb:764 smb:7207 d:s ref:0 ;
in:1398 out:1398 type:P dur:2 cpbdur:2 q:29.13 aq:15.26 tex:51985 mv:4667 misc:3172 imb:183 pmb:827 smb:7150 d:s ref:0 ;
in:1399 out:1399 type:P dur:2 cpbdur:2 q:29.11 aq:15.01 tex:44462 mv:4277 misc:3005 imb:231 pmb:696 smb:7233 d:s ref:0 ;
in:1401 out:1400 type:P dur:2 cpbdur:2 q:29.09 aq:15.13 tex:73619 mv:5962 misc:3515 imb:291 pmb:928 smb:6941 d:s ref:0 ;
in:1400 out:1401 type:b dur:2 cpbdur:2 q:29.10 aq:24.08 tex:981 mv:1423 misc:908 imb:9 pmb:180 smb:7971 d:s ref:0 ;
in:1405 out:1402 type:P dur:2 cpbdur:2 q:29.04 aq:15.28 tex:64636 mv:5679 misc:3117 imb:317 pmb:802 smb:7041 d:s ref:0 ;
in:1403 out:1403 type:B dur:2 cpbdur:2 q:29.07 aq:18.67 tex:2994 mv:1708 misc:1186 imb:21 pmb:210 smb:7929 d:s ref:0 ;
in:1402 out:1404 type:b dur:2 cpbdur:2 q:29.08 aq:20.29 tex:552 mv:1102 misc:810 imb:9 pmb:108 smb:8043 d:s ref:0 ;
in:1404 out:1405 type:b dur:2 cpbdur:2 q:29.05 aq:29.01 tex:1567 mv:870 misc:843 imb:9 pmb:116 smb:8035 d:- ref:0 ;
in:1409 out:1406 type:P dur:2 cpbdur:2 q:28.96 aq:14.49 tex:69679 mv:6015 misc:3218 imb:263 pmb:980 smb:6917 d:s ref:0 ;
in:1407 out:1407 type:B dur:2 cpbdur:2 q:29.00 aq:25.26 tex:2956 mv:1912 misc:1500 imb:41 pmb:320 smb:7799 d:s ref:0 ;
in:1406 out:1408 type:b dur:2 cpbdur:2 q:29.02 aq:31.50 tex:1684 mv:558 misc:814 imb:1 pmb:136 smb:8023 d:s ref:0 ;
in:1408 out:1409 type:b dur:2 cpbdur:2 q:28.98 aq:25.25 tex:232 mv:241 misc:815 imb:1 pmb:106 smb:8053 d:- ref:0 ;
in:1413 out:1410 type:P dur:2 cpbdur:2 q:28.86 aq:14.96 tex:64147 mv:5460 misc:3273 imb:253 pmb:926 smb:6981 d:s ref:0 ;
in:1411 out:1411 type:B dur:2 cpbdur:2 q:28.91 aq:24.36 tex:1121 mv:870 misc:1185 imb:1 pmb:226 smb:7933 d:s ref:0 ;
in:1410 out:1412 type:b dur:2 cpbdur:2 q:28.93 aq:25.52 tex:264 mv:450 misc:846 imb:8 pmb:129 smb:8023 d:s ref:0 ;
in:1412 out:1413 type:b dur:2 cpbdur:2 q:28.88 aq:18.01 tex:47 mv:75 misc:510 imb:1 pmb:17 smb:8142 d:- ref:0 ;
in:1417 out:1414 type:P dur:2 cpbdur:2 q:28.75 aq:14.72 tex:46890 mv:4751 misc:3127 imb:230 pmb:783 smb:7147 d:s ref:0 ;
in:1415 out:1415 type:B dur:2 cpbdur:2 q:28.80 aq:18.64 tex:635 mv:567 misc:1094 imb:16 pmb:140 smb:8004 d:s ref:0 ;
in:1414 out:1416 type:b dur:2 cpbdur:2 q:28.83 aq:23.79 tex:224 mv:247 misc:625 imb:1 pmb:62 smb:8097 d:s ref:0 ;
in:1416 out:1417 type:b dur:2 cpbdur:2 q:28.77 aq:18.01 tex:56 mv:60 misc:500 imb:0 pmb:15 smb:8145 d:- ref:0 ;
in:1421 out:1418 type:P dur:2 cpbdur:2 q:28.63 aq:14.98 tex:59498 mv:5226 misc:3284 imb:219 pmb:944 smb:6997 d:s ref:0 ;
in:1419 out:1419 type:B dur:2 cpbdur:2 q:28.69 aq:20.39 tex:771 mv:947 misc:1178 imb:23 pmb:183 smb:7954 d:s ref:0 ;
in:1418 out:1420 type:b dur:2 cpbdur:2 q:28.72 aq:21.56 tex:177 mv:115 misc:620 imb:0 pmb:38 smb:8122 d:s ref:0 ;
in:1420 out:1421 type:b dur:2 cpbdur:2 q:28.66 aq:19.00 tex:53 mv:338 misc:841 imb:0 pmb:132 smb:8028 d:- ref:0 ;
in:1425 out:1422 type:P dur:2 cpbdur:2 q:28.52 aq:15.57 tex:54017 mv:6023 misc:3272 imb:378 pmb:905 smb:6877 d:s ref:0 ;
in:1423 out:1423 type:B dur:2 cpbdur:2 q:28.57 aq:18.20 tex:1088 mv:858 misc:1278 imb:10 pmb:225 smb:7925 d:s ref:0 ;
in:1422 out:1424 type:b dur:2 cpbdur:2 q:28.60 aq:24.12 tex:195 mv:262 misc:791 imb:1 pmb:84 smb:8075 d:s ref:0 ;
in:1424 out:1425 type:b dur:2 cpbdur:2 q:28.55 aq:21.88 tex:222 mv:271 misc:731 imb:4 pmb:85 smb:8071 d:- ref:0 ;
in:1429 out:1426 type:P dur:2 cpbdur:2 q:28.40 aq:16.02 tex:49167 mv:4517 misc:2564 imb:280 pmb:598 smb:7282 d:s ref:0 ;
in:1427 out:1427 type:B dur:2 cpbdur:2 q:28.46 aq:17.25 tex:5317 mv:2008 misc:1107 imb:84 pmb:181 smb:7895 d:s ref:0 ;
in:1426 out:1428 type:b dur:2 cpbdur:2 q:28.49 aq:26.49 tex:1613 mv:996 misc:751 imb:50 pmb:94 smb:8016 d:s ref:0 ;
in:1428 out:1429 type:b dur:2 cpbdur:2 q:28.43 aq:17.87 tex:928 mv:962 misc:686 imb:4 pmb:95 smb:8061 d:- ref:0 ;
in:1430 out:1430 type:P dur:2 cpbdur:2 q:28.28 aq:15.72 tex:37672 mv:3439 misc:2505 imb:107 pmb:590 smb:7463 d:s ref:0 ;
in:1431 out:1431 type:P dur:2 cpbdur:2 q:28.26 aq:15.19 tex:31492 mv:2763 misc:2753 imb:135 pmb:552 smb:7473 d:s ref:0 ;
in:1432 out:1432 type:P dur:2 cpbdur:2 q:28.24 aq:13.53 tex:31054 mv:3290 misc:3008 imb:207 pmb:545 smb:7408 d:s ref:0 ;
in:1436 out:1433 type:P dur:2 cpbdur:2 q:28.21 aq:15.94 tex:76996 mv:4863 misc:2901 imb:162 pmb:853 smb:7145 d:s ref:0 ;
in:1434 out:1434 type:B dur:2 cpbdur:2 q:28.22 aq:21.03 tex:964 mv:826 misc:1154 imb:15 pmb:178 smb:7967 d:s ref:0 ;
in:1433 out:1435 type:b dur:2 cpbdur:2 q:28.23 aq:22.92 tex:401 mv:509 misc:842 imb:2 pmb:125 smb:8033 d:s ref:0 ;
in:1435 out:1436 type:b dur:2 cpbdur:2 q:28.22 aq:19.23 tex:145 mv:224 misc:687 imb:0 pmb:81 smb:8079 d:- ref:0 ;
in:1440 out:1437 type:P dur:2 cpbdur:2 q:28.10 aq:16.37 tex:22760 mv:2941 misc:2227 imb:141 pmb:505 smb:7514 d:s ref:0 ;
in:1438 out:1438 type:B dur:2 cpbdur:2 q:28.15 aq:19.68 tex:424 mv:533 misc:931 imb:6 pmb:126 smb:8028 d:s ref:0 ;
in:1437 out:1439 type:b dur:2 cpbdur:2 q:28.18 aq:19.69 tex:140 mv:258 misc:554 imb:3 pmb:32 smb:8125 d:s ref:0 ;
in:1439 out:1440 type:b dur:2 cpbdur:2 q:28.13 aq:16.95 tex:124 mv:193 misc:643 imb:1 pmb:74 smb:8085 d:- ref:0 ;
in:1444 out:1441 type:P dur:2 cpbdur:2 q:27.98 aq:18.35 tex:13985 mv:2573 misc:1882 imb:95 pmb:393 smb:7672 d:s ref:0 ;
in:1442 out:1442 type:B dur:2 cpbdur:2 q:28.04 aq:14.47 tex:431 mv:284 misc:1005 imb:3 pmb:167 smb:7990 d:s ref:0 ;
in:1441 out:1443 type:b dur:2 cpbdur:2 q:28.07 aq:17.06 tex:170 mv:276 misc:810 imb:1 pmb:134 smb:8025 d:s ref:0 ;
in:1443 out:1444 type:b dur:2 cpbdur:2 q:28.01 aq:24.90 tex:164 mv:38 misc:470 imb:0 pmb:11 smb:8149 d:- ref:0 ;
in:1448 out:1445 type:P dur:2 cpbdur:2 q:27.85 aq:23.54 tex:9830 mv:1486 misc:1700 imb:32 pmb:314 smb:7814 d:s ref:0 ;
in:1446 out:1446 type:B dur:2 cpbdur:2 q:27.91 aq:14.06 tex:618 mv:244 misc:818 imb:5 pmb:71 smb:8084 d:s ref:0 ;
in:1445 out:1447 type:b dur:2 cpbdur:2 q:27.94 aq:18.58 tex:62 mv:80 misc:514 imb:0 pmb:20 smb:8140 d:s ref:0 ;
in:1447 out:1448 type:b dur:2 cpbdur:2 q:27.88 aq:15.73 tex:152 mv:68 misc:484 imb:0 pmb:17 smb:8143 d:- ref:0 ;
in:1449 out:1449 type:P dur:2 cpbdur:2 q:27.71 aq:23.35 tex:3774 mv:806 misc:1212 imb:6 pmb:178 smb:7976 d:s ref:0 ;
in:1450 out:1450 type:P dur:2 cpbdur:2 q:27.67 aq:15.91 tex:36756 mv:18637 misc:5103 imb:3791 pmb:1072 smb:3297 d:s ref:0 w:7,127,0 ;
in:1451 out:1451 type:P dur:2 cpbdur:2 q:27.64 aq:18.50 tex:70779 mv:26109 misc:4440 imb:4404 pmb:1560 smb:2196 d:s ref:0 w:5,31,2,5,31,4,32,0 ;
in:1452 out:1452 type:P dur:2 cpbdur:2 q:27.62 aq:20.28 tex:234516 mv:42699 misc:1761 imb:5836 pmb:2006 smb:318 d:s ref:0 w:5,29,12,5,29,12,32,0 ;
in:1453 out:1453 type:I dur:2 cpbdur:2 q:25.34 aq:18.94 tex:269008 mv:114029 misc:707 imb:8160 pmb:0 smb:0 d:s ref:w:5,29,12,5,29,12,32,0 ;
in:1456 out:1454 type:P dur:2 cpbdur:2 q:27.68 aq:22.47 tex:409795 mv:59392 misc:789 imb:7096 pmb:1060 smb:4 d:s ref:0 w:4,17,-57,5,37,-21,64,-128 ;
in:1454 out:1455 type:B dur:2 cpbdur:2 q:27.68 aq:21.86 tex:201678 mv:62025 misc:3129 imb:5422 pmb:2002 smb:736 d:s ref:0 ;
in:1455 out:1456 type:b dur:2 cpbdur:2 q:27.68 aq:22.62 tex:87597 mv:22225 misc:7394 imb:1561 pmb:3162 smb:3437 d:- ref:0 ;
in:1457 out:1457 type:P dur:2 cpbdur:2 q:27.70 aq:22.45 tex:270023 mv:63947 misc:1470 imb:4819 pmb:3203 smb:138 d:s ref:0 w:5,37,-42,6,74,-20,79,-30 ;
in:1458 out:1458 type:P dur:2 cpbdur:2 q:27.78 aq:22.38 tex:299963 mv:65153 misc:1436 imb:4328 pmb:3678 smb:154 d:s ref:0 w:6,75,-42,6,75,-22,78,-29 ;
in:1462 out:1459 type:P dur:2 cpbdur:2 q:27.84 aq:22.25 tex:316401 mv:67418 misc:1069 imb:4318 pmb:3796 smb:46 d:s ref:0 w:5,35,-21,5,34,-8,35,-12 ;
in:1460 out:1460 type:B dur:2 cpbdur:2 q:27.81 aq:22.55 tex:147721 mv:45854 misc:5825 imb:1306 pmb:4816 smb:2038 d:s ref:0 ;
in:1459 out:1461 type:b dur:2 cpbdur:2 q:27.79 aq:23.52 tex:48751 mv:26010 misc:7775 imb:731 pmb:3162 smb:4267 d:s ref:0 ;
in:1461 out:1462 type:b dur:2 cpbdur:2 q:27.82 aq:22.62 tex:19182 mv:13896 misc:6946 imb:195 pmb:2522 smb:5443 d:- ref:0 ;
in:1466 out:1463 type:P dur:2 cpbdur:2 q:28.01 aq:22.63 tex:311040 mv:66505 misc:1695 imb:3717 pmb:4198 smb:245 d:s ref:0 ;
in:1464 out:1464 type:B dur:2 cpbdur:2 q:27.92 aq:23.27 tex:81804 mv:42202 misc:7114 imb:693 pmb:4982 smb:2485 d:s ref:0 ;
in:1463 out:1465 type:b dur:2 cpbdur:2 q:27.88 aq:23.60 tex:41293 mv:28292 misc:7799 imb:457 pmb:3688 smb:4015 d:s ref:0 ;
in:1465 out:1466 type:b dur:2 cpbdur:2 q:27.97 aq:22.94 tex:14327 mv:8950 misc:6139 imb:165 pmb:2024 smb:5971 d:- ref:0 ;
in:1470 out:1467 type:P dur:2 cpbdur:2 q:28.15 aq:22.51 tex:375568 mv:70112 misc:1232 imb:4085 pmb:3988 smb:87 d:s ref:0 ;
in:1468 out:1468 type:B dur:2 cpbdur:2 q:28.08 aq:23.21 tex:107148 mv:51332 misc:6536 imb:933 pmb:5238 smb:1989 d:s ref:0 ;
in:1467 out:1469 type:b dur:2 cpbdur:2 q:28.04 aq:23.83 tex:43504 mv:30477 misc:7923 imb:465 pmb:3809 smb:3886 d:s ref:0 ;
in:1469 out:1470 type:b dur:2 cpbdur:2 q:28.12 aq:23.81 tex:43286 mv:29752 misc:7746 imb:420 pmb:3609 smb:4131 d:- ref:0 ;
in:1474 out:1471 type:P dur:2 cpbdur:2 q:28.18 aq:22.78 tex:353808 mv:69106 misc:1486 imb:3962 pmb:4010 smb:188 d:s ref:0 ;
in:1472 out:1472 type:B dur:2 cpbdur:2 q:28.17 aq:23.37 tex:86539 mv:44230 misc:7071 imb:714 pmb:4772 smb:2674 d:s ref:0 ;
in:1471 out:1473 type:b dur:2 cpbdur:2 q:28.16 aq:23.14 tex:25106 mv:19966 misc:7464 imb:251 pmb:3124 smb:4785 d:s ref:0 ;
in:1473 out:1474 type:b dur:2 cpbdur:2 q:28.17 aq:24.11 tex:56892 mv:31505 misc:7707 imb:456 pmb:3812 smb:3892 d:- ref:0 ;
in:1478 out:1475 type:P dur:2 cpbdur:2 q:28.24 aq:22.84 tex:341791 mv:67284 misc:1541 imb:3845 pmb:4111 smb:204 d:s ref:0 ;
in:1476 out:1476 type:B dur:2 cpbdur:2 q:28.21 aq:22.83 tex:128023 mv:48821 misc:6204 imb:788 pmb:5435 smb:1937 d:s ref:0 ;
in:1475 out:1477 type:b dur:2 cpbdur:2 q:28.20 aq:22.46 tex:12665 mv:8675 misc:5420 imb:143 pmb:1874 smb:6143 d:s ref:0 ;
in:1477 out:1478 type:b dur:2 cpbdur:2 q:28.23 aq:24.20 tex:43987 mv:25022 misc:7687 imb:374 pmb:3468 smb:4318 d:- ref:0 ;
in:1482 out:1479 type:P dur:2 cpbdur:2 q:28.28 aq:22.87 tex:300703 mv:66838 misc:1683 imb:4001 pmb:3901 smb:258 d:s ref:0 ;
in:1480 out:1480 type:B dur:2 cpbdur:2 q:28.26 aq:23.15 tex:96878 mv:40458 misc:7104 imb:660 pmb:5037 smb:2463 d:s ref:0 ;
in:1479 out:1481 type:b dur:2 cpbdur:2 q:28.25 aq:24.18 tex:35523 mv:23550 misc:7687 imb:284 pmb:3302 smb:4574 d:s ref:0 ;
in:1481 out:1482 type:b dur:2 cpbdur:2 q:28.27 aq:23.39 tex:29648 mv:21407 misc:7441 imb:388 pmb:3320 smb:4452 d:- ref:0 ;
in:1486 out:1483 type:P dur:2 cpbdur:2 q:28.34 aq:23.08 tex:305840 mv:68342 misc:1634 imb:3958 pmb:3967 smb:235 d:s ref:0 ;
in:1484 out:1484 type:B dur:2 cpbdur:2 q:28.31 aq:23.61 tex:79662 mv:40783 misc:7323 imb:759 pmb:4715 smb:2686 d:s ref:0 ;
in:1483 out:1485 type:b dur:2 cpbdur:2 q:28.29 aq:24.24 tex:40039 mv:28424 misc:7897 imb:411 pmb:3591 smb:4158 d:s ref:0 ;
in:1485 out:1486 type:b dur:2 cpbdur:2 q:28.32 aq:22.87 tex:14353 mv:8376 misc:5399 imb:169 pmb:1812 smb:6179 d:- ref:0 ;
in:1490 out:1487 type:P dur:2 cpbdur:2 q:28.36 aq:22.91 tex:339148 mv:70794 misc:1674 imb:4005 pmb:3922 smb:233 d:s ref:0 ;
in:1488 out:1488 type:B dur:2 cpbdur:2 q:28.35 aq:23.67 tex:100143 mv:48727 misc:6794 imb:858 pmb:5182 smb:2120 d:s ref:0 ;
in:1487 out:1489 type:b dur:2 cpbdur:2 q:28.34 aq:24.22 tex:38699 mv:28162 misc:7955 imb:397 pmb:3633 smb:4130 d:s ref:0 ;
in:1489 out:1490 type:b dur:2 cpbdur:2 q:28.36 aq:24.46 tex:41933 mv:26551 misc:7836 imb:327 pmb:3610 smb:4223 d:- ref:0 ;
in:1494 out:1491 type:P dur:2 cpbdur:2 q:28.43 aq:23.18 tex:233920 mv:64145 misc:1559 imb:3709 pmb:4307 smb:144 d:s ref:0 w:7,127,0,5,31,4,32,0 ;
in:1492 out:1492 type:B dur:2 cpbdur:2 q:28.40 aq:23.81 tex:87048 mv:38841 misc:7239 imb:659 pmb:4894 smb:2607 d:s ref:0 ;
in:1491 out:1493 type:b dur:2 cpbdur:2 q:28.38 aq:23.86 tex:37451 mv:21509 misc:7336 imb:272 pmb:3236 smb:4652 d:s ref:0 ;
in:1493 out:1494 type:b dur:2 cpbdur:2 q:28.41 aq:24.25 tex:38152 mv:26091 misc:7909 imb:387 pmb:3739 smb:4034 d:- ref:0 ;
in:1498 out:1495 type:P dur:2 cpbdur:2 q:28.44 aq:23.62 tex:217667 mv:66440 misc:1893 imb:4143 pmb:3775 smb:242 d:s ref:0 ;
in:1496 out:1496 type:B dur:2 cpbdur:2 q:28.43 aq:23.03 tex:111571 mv:45152 misc:6293 imb:884 pmb:5439 smb:1837 d:s ref:0 ;
in:1495 out:1497 type:b dur:2 cpbdur:2 q:28.43 aq:22.98 tex:10730 mv:7656 misc:5342 imb:156 pmb:1669 smb:6335 d:s ref:0 ;
in:1497 out:1498 type:b dur:2 cpbdur:2 q:28.43 aq:24.05 tex:41868 mv:28653 misc:7951 imb:486 pmb:3578 smb:4096 d:- ref:0 ;
in:1502 out:1499 type:P dur:2 cpbdur:2 q:28.47 aq:22.99 tex:351183 mv:66547 misc:958 imb:5828 pmb:2273 smb:59 d:s ref:0 ;
in:1500 out:1500 type:B dur:2 cpbdur:2 q:28.45 aq:22.44 tex:81804 mv:44007 misc:7237 imb:1170 pmb:4387 smb:2603 d:s ref:0 ;
in:1499 out:1501 type:b dur:2 cpbdur:2 q:28.44 aq:24.51 tex:85615 mv:42965 misc:6556 imb:1334 pmb:4220 smb:2606 d:s ref:0 ;
in:1501 out:1502 type:b dur:2 cpbdur:2 q:28.46 aq:22.44 tex:5436 mv:4366 misc:3390 imb:89 pmb:892 smb:7179 d:- ref:0 ;
in:1503 out:1503 type:P dur:2 cpbdur:2 q:28.50 aq:22.29 tex:201072 mv:56475 misc:4653 imb:2509 pmb:4419 smb:1232 d:s ref:0 ;
in:1507 out:1504 type:P dur:2 cpbdur:2 q:28.55 aq:22.66 tex:351847 mv:58235 misc:3798 imb:2630 pmb:4661 smb:869 d:s ref:0 ;
in:1505 out:1505 type:B dur:2 cpbdur:2 q:28.52 aq:22.93 tex:122418 mv:45960 misc:6942 imb:608 pmb:5269 smb:2283 d:s ref:0 ;
in:1504 out:1506 type:b dur:2 cpbdur:2 q:28.51 aq:24.60 tex:58083 mv:30770 misc:7819 imb:465 pmb:3654 smb:4041 d:s ref:0 ;
in:1506 out:1507 type:b dur:2 cpbdur:2 q:28.53 aq:22.86 tex:10959 mv:10045 misc:6340 imb:195 pmb:2112 smb:5853 d:- ref:0 ;
in:1510 out:1508 type:P dur:2 cpbdur:2 q:28.63 aq:22.66 tex:275605 mv:52672 misc:3947 imb:2268 pmb:4926 smb:966 d:s ref:0 ;
in:1508 out:1509 type:B dur:2 cpbdur:2 q:28.57 aq:24.51 tex:48080 mv:23454 misc:7650 imb:382 pmb:3007 smb:4771 d:s ref:0 ;
in:1509 out:1510 type:b dur:2 cpbdur:2 q:28.60 aq:24.69 tex:29487 mv:20278 misc:6883 imb:389 pmb:2306 smb:5465 d:- ref:0 ;
in:1511 out:1511 type:P dur:2 cpbdur:2 q:28.69 aq:23.14 tex:60797 mv:11829 misc:5734 imb:810 pmb:1573 smb:5777 d:s ref:0 ;
in:1512 out:1512 type:P dur:2 cpbdur:2 q:28.68 aq:23.00 tex:188427 mv:40106 misc:5043 imb:1537 pmb:4833 smb:1790 d:s ref:0 ;
in:1515 out:1513 type:P dur:2 cpbdur:2 q:28.68 aq:22.23 tex:322055 mv:57920 misc:2409 imb:2678 pmb:5028 smb:454 d:s ref:0 ;
in:1513 out:1514 type:B dur:2 cpbdur:2 q:28.68 aq:24.11 tex:44617 mv:25140 misc:7483 imb:446 pmb:3030 smb:4684 d:s ref:0 ;
in:1514 out:1515 type:b dur:2 cpbdur:2 q:28.68 aq:24.55 tex:33988 mv:21857 misc:7587 imb:326 pmb:3116 smb:4718 d:- ref:0 ;
in:1519 out:1516 type:P dur:2 cpbdur:2 q:28.71 aq:23.03 tex:253846 mv:56491 misc:2735 imb:2568 pmb:4950 smb:642 d:s ref:0 ;
in:1517 out:1517 type:B dur:2 cpbdur:2 q:28.70 aq:24.47 tex:43206 mv:26255 misc:7819 imb:315 pmb:3482 smb:4363 d:s ref:0 ;
in:1516 out:1518 type:b dur:2 cpbdur:2 q:28.69 aq:23.60 tex:13219 mv:10503 misc:6334 imb:142 pmb:2101 smb:5917 d:s ref:0 ;
in:1518 out:1519 type:b dur:2 cpbdur:2 q:28.70 aq:24.89 tex:32407 mv:24957 misc:7900 imb:323 pmb:3477 smb:4360 d:- ref:0 ;
in:1522 out:1520 type:P dur:2 cpbdur:2 q:28.73 aq:22.83 tex:203502 mv:47287 misc:4699 imb:1987 pmb:4849 smb:1324 d:s ref:0 ;
in:1520 out:1521 type:B dur:2 cpbdur:2 q:28.72 aq:23.83 tex:54544 mv:26217 misc:8039 imb:301 pmb:3792 smb:4067 d:s ref:0 ;
in:1521 out:1522 type:b dur:2 cpbdur:2 q:28.72 aq:23.70 tex:11838 mv:10260 misc:6166 imb:129 pmb:1860 smb:6171 d:- ref:0 ;
in:1526 out:1523 type:P dur:2 cpbdur:2 q:28.74 aq:23.74 tex:219622 mv:55789 misc:3237 imb:2560 pmb:4773 smb:827 d:s ref:0 ;
in:1524 out:1524 type:B dur:2 cpbdur:2 q:28.74 aq:24.70 tex:52711 mv:29949 misc:7796 imb:394 pmb:4091 smb:3675 d:s ref:0 ;
in:1523 out:1525 type:b dur:2 cpbdur:2 q:28.73 aq:25.24 tex:32056 mv:26602 misc:7854 imb:359 pmb:3229 smb:4572 d:s ref:0 ;
in:1525 out:1526 type:b dur:2 cpbdur:2 q:28.74 aq:24.01 tex:9677 mv:7161 misc:6242 imb:86 pmb:1937 smb:6137 d:- ref:0 ;
in:1529 out:1527 type:P dur:2 cpbdur:2 q:28.74 aq:23.42 tex:227102 mv:57849 misc:2865 imb:2794 pmb:4540 smb:826 d:s ref:0 ;
in:1527 out:1528 type:B dur:2 cpbdur:2 q:28.74 aq:24.38 tex:57341 mv:32264 misc:7555 imb:402 pmb:3983 smb:3775 d:s ref:0 ;
in:1528 out:1529 type:b dur:2 cpbdur:2 q:28.74 aq:25.00 tex:39694 mv:27799 misc:7723 imb:316 pmb:3623 smb:4221 d:- ref:0 ;
in:1533 out:1530 type:P dur:2 cpbdur:2 q:28.74 aq:24.48 tex:206144 mv:57167 misc:3489 imb:2713 pmb:4334 smb:1113 d:s ref:0 ;
in:1531 out:1531 type:B dur:2 cpbdur:2 q:28.74 aq:23.35 tex:106198 mv:45348 misc:6526 imb:560 pmb:5223 smb:2377 d:s ref:0 ;
in:1530 out:1532 type:b dur:2 cpbdur:2 q:28.74 aq:23.18 tex:11155 mv:8742 misc:5623 imb:154 pmb:1916 smb:6090 d:s ref:0 ;
in:1532 out:1533 type:b dur:2 cpbdur:2 q:28.74 aq:25.15 tex:37966 mv:26708 misc:7542 imb:270 pmb:3300 smb:4590 d:- ref:0 ;
in:1535 out:1534 type:P dur:2 cpbdur:2 q:28.73 aq:25.43 tex:122391 mv:48559 misc:5314 imb:2226 pmb:4025 smb:1909 d:s ref:0 ;
in:1534 out:1535 type:b dur:2 cpbdur:2 q:28.74 aq:25.40 tex:69251 mv:28736 misc:7613 imb:271 pmb:4123 smb:3766 d:s ref:0 ;
in:1536 out:1536 type:P dur:2 cpbdur:2 q:28.74 aq:14.93 tex:18997 mv:13308 misc:487 imb:8159 pmb:1 smb:0 d:s ref:0 ;
in:1537 out:1537 type:P dur:2 cpbdur:2 q:28.74 aq:12.20 tex:63958 mv:5070 misc:364 imb:8144 pmb:16 smb:0 d:s ref:0 ;
in:1538 out:1538 type:P dur:2 cpbdur:2 q:28.73 aq:23.13 tex:762 mv:540 misc:946 imb:889 pmb:78 smb:7193 d:s ref:0 w:5,31,7,5,31,4,32,0 ;
in:1539 out:1539 type:P dur:2 cpbdur:2 q:28.71 aq:21.81 tex:1882 mv:1305 misc:1037 imb:2533 pmb:11 smb:5616 d:s ref:0 w:7,121,13,5,30,8,31,4 ;
in:1540 out:1540 type:P dur:2 cpbdur:2 q:28.69 aq:14.56 tex:5356 mv:4738 misc:2794 imb:4193 pmb:148 smb:3819 d:s ref:0 w:6,59,17,6,61,6,61,6 ;
in:1541 out:1541 type:P dur:2 cpbdur:2 q:28.69 aq:14.12 tex:5875 mv:5910 misc:2631 imb:3766 pmb:289 smb:4105 d:s ref:0 w:7,115,23,7,116,12,117,11 ;
in:1542 out:1542 type:P dur:2 cpbdur:2 q:28.66 aq:13.77 tex:11654 mv:7776 misc:3570 imb:4822 pmb:330 smb:3008 d:s ref:0 w:3,7,30,7,115,13,114,14 ;
in:1544 out:1543 type:P dur:2 cpbdur:2 q:28.63 aq:15.08 tex:23373 mv:12916 misc:1223 imb:7294 pmb:599 smb:267 d:s ref:0 w:7,89,71,6,51,25,64,0 ;
in:1543 out:1544 type:b dur:2 cpbdur:2 q:28.65 aq:14.38 tex:11926 mv:16741 misc:5253 imb:2193 pmb:1594 smb:4373 d:t ref:0 ;
in:1545 out:1545 type:P dur:2 cpbdur:2 q:28.56 aq:15.68 tex:25058 mv:13969 misc:3149 imb:4853 pmb:522 smb:2785 d:s ref:0 w:7,103,47,7,117,11,114,14 ;
in:1546 out:1546 type:P dur:2 cpbdur:2 q:28.53 aq:16.23 tex:42288 mv:21373 misc:2915 imb:5575 pmb:866 smb:1719 d:s ref:0 w:7,105,48,6,64,0,57,14 ;
in:1547 out:1547 type:I dur:2 cpbdur:2 q:25.73 aq:12.83 tex:73778 mv:36311 misc:591 imb:8160 pmb:0 smb:0 d:s ref:w:7,105,48,6,64,0,57,14 ;
in:1548 out:1548 type:P dur:2 cpbdur:2 q:28.49 aq:15.63 tex:64718 mv:20138 misc:3984 imb:4569 pmb:1047 smb:2544 d:s ref:0 w:3,9,-9 ;
in:1549 out:1549 type:P dur:2 cpbdur:2 q:28.47 aq:15.19 tex:51853 mv:20883 misc:3192 imb:5524 pmb:1074 smb:1562 d:s ref:0 w:5,37,-21,6,75,-22,75,-22 ;
in:1550 out:1550 type:P dur:2 cpbdur:2 q:28.46 aq:14.59 tex:66767 mv:17499 misc:3534 imb:4478 pmb:690 smb:2992 d:s ref:0 w:4,19,-33,5,37,-20,37,-20 ;
in:1552 out:1551 type:P dur:2 cpbdur:2 q:28.44 aq:12.69 tex:95841 mv:20369 misc:2062 imb:6034 pmb:647 smb:1479 d:s ref:0 w:5,39,-46,6,64,0,73,-18 ;
in:1551 out:1552 type:b dur:2 cpbdur:2 q:28.45 aq:18.55 tex:2243 mv:2993 misc:1588 imb:69 pmb:325 smb:7766 d:s ref:0 ;
in:1553 out:1553 type:P dur:2 cpbdur:2 q:28.41 aq:14.12 tex:172337 mv:8413 misc:2794 imb:687 pmb:702 smb:6771 d:s ref:0 ;
in:1554 out:1554 type:P dur:2 cpbdur:2 q:28.42 aq:13.16 tex:28837 mv:3858 misc:2353 imb:247 pmb:624 smb:7289 d:s ref:0 w:5,33,-7 ;
in:1555 out:1555 type:P dur:2 cpbdur:2 q:28.41 aq:12.63 tex:70074 mv:4273 misc:2277 imb:251 pmb:680 smb:7229 d:s ref:0 w:5,33,-7,5,33,-4,32,0 ;
in:1556 out:1556 type:P dur:2 cpbdur:2 q:28.40 aq:13.24 tex:35841 mv:4106 misc:2325 imb:268 pmb:553 smb:7339 d:s ref:0 ;
in:1560 out:1557 type:P dur:2 cpbdur:2 q:28.40 aq:13.25 tex:196591 mv:6110 misc:1907 imb:482 pmb:492 smb:7186 d:s ref:0 ;
in:1558 out:1558 type:B dur:2 cpbdur:2 q:28.40 aq:21.46 tex:13058 mv:2840 misc:1302 imb:57 pmb:395 smb:7708 d:s ref:0 ;
in:1557 out:1559 type:b dur:2 cpbdur:2 q:28.40 aq:25.48 tex:7191 mv:2663 misc:1050 imb:57 pmb:357 smb:7746 d:s ref:0 ;
in:1559 out:1560 type:b dur:2 cpbdur:2 q:28.40 aq:24.84 tex:1723 mv:1088 misc:981 imb:39 pmb:137 smb:7984 d:- ref:0 ;
in:1561 out:1561 type:P dur:2 cpbdur:2 q:28.34 aq:13.81 tex:70520 mv:4108 misc:2132 imb:420 pmb:516 smb:7224 d:s ref:0 ;
in:1562 out:1562 type:P dur:2 cpbdur:2 q:28.32 aq:13.53 tex:58402 mv:4199 misc:2383 imb:384 pmb:473 smb:7303 d:s ref:0 ;
in:1563 out:1563 type:P dur:2 cpbdur:2 q:28.33 aq:12.78 tex:55748 mv:4521 misc:2691 imb:435 pmb:519 smb:7206 d:s ref:0 ;
in:1565 out:1564 type:P dur:2 cpbdur:2 q:28.30 aq:12.81 tex:101472 mv:6143 misc:3113 imb:641 pmb:625 smb:6894 d:s ref:0 ;
in:1564 out:1565 type:b dur:2 cpbdur:2 q:28.31 aq:18.17 tex:4617 mv:3770 misc:829 imb:164 pmb:194 smb:7802 d:s ref:0 ;
in:1569 out:1566 type:P dur:2 cpbdur:2 q:28.25 aq:12.73 tex:48835 mv:3804 misc:2193 imb:306 pmb:381 smb:7473 d:s ref:0 ;
in:1567 out:1567 type:B dur:2 cpbdur:2 q:28.28 aq:17.96 tex:5044 mv:2863 misc:885 imb:47 pmb:206 smb:7907 d:s ref:0 ;
in:1566 out:1568 type:b dur:2 cpbdur:2 q:28.29 aq:24.37 tex:2766 mv:2481 misc:873 imb:24 pmb:229 smb:7907 d:s ref:0 ;
in:1568 out:1569 type:b dur:2 cpbdur:2 q:28.26 aq:26.90 tex:766 mv:1828 misc:814 imb:49 pmb:175 smb:7936 d:- ref:0 ;
in:1573 out:1570 type:P dur:2 cpbdur:2 q:28.17 aq:12.23 tex:38067 mv:3594 misc:1955 imb:261 pmb:349 smb:7550 d:s ref:0 ;
in:1571 out:1571 type:B dur:2 cpbdur:2 q:28.21 aq:18.21 tex:4485 mv:2758 misc:925 imb:53 pmb:233 smb:7874 d:s ref:0 ;
in:1570 out:1572 type:b dur:2 cpbdur:2 q:28.23 aq:26.93 tex:1236 mv:2067 misc:825 imb:26 pmb:182 smb:7952 d:s ref:0 ;
in:1572 out:1573 type:b dur:2 cpbdur:2 q:28.19 aq:18.84 tex:1918 mv:1893 misc:813 imb:53 pmb:125 smb:7982 d:- ref:0 ;
in:1577 out:1574 type:P dur:2 cpbdur:2 q:28.06 aq:13.06 tex:37081 mv:2897 misc:2206 imb:162 pmb:378 smb:7620 d:s ref:0 ;
in:1575 out:1575 type:B dur:2 cpbdur:2 q:28.11 aq:14.12 tex:525 mv:861 misc:718 imb:2 pmb:145 smb:8013 d:s ref:0 ;
in:1574 out:1576 type:b dur:2 cpbdur:2 q:28.14 aq:19.02 tex:861 mv:1874 misc:713 imb:58 pmb:141 smb:7961 d:s ref:0 ;
in:1576 out:1577 type:b dur:2 cpbdur:2 q:28.09 aq:17.95 tex:165 mv:398 misc:501 imb:1 pmb:33 smb:8126 d:- ref:0 ;
in:1581 out:1578 type:P dur:2 cpbdur:2 q:27.95 aq:12.67 tex:13681 mv:1085 misc:1938 imb:74 pmb:247 smb:7839 d:s ref:0 ;
in:1579 out:1579 type:B dur:2 cpbdur:2 q:28.00 aq:13.64 tex:99 mv:47 misc:478 imb:0 pmb:16 smb:8144 d:s ref:0 ;
in:1578 out:1580 type:b dur:2 cpbdur:2 q:28.03 aq:15.07 tex:36 mv:190 misc:462 imb:1 pmb:22 smb:8137 d:s ref:0 ;
in:1580 out:1581 type:b dur:2 cpbdur:2 q:27.98 aq:15.07 tex:28 mv:9 misc:411 imb:0 pmb:2 smb:8158 d:- ref:0 ;
in:1585 out:1582 type:P dur:2 cpbdur:2 q:27.82 aq:11.78 tex:7414 mv:856 misc:1794 imb:90 pmb:178 smb:7892 d:s ref:0 ;
in:1583 out:1583 type:B dur:2 cpbdur:2 q:27.88 aq:14.27 tex:181 mv:72 misc:483 imb:0 pmb:11 smb:8149 d:t ref:0 ;
in:1582 out:1584 type:b dur:2 cpbdur:2 q:27.92 aq:15.07 tex:28 mv:9 misc:411 imb:0 pmb:2 smb:8158 d:s ref:0 ;
in:1584 out:1585 type:b dur:2 cpbdur:2 q:27.85 aq:19.00 tex:4 mv:38 misc:406 imb:0 pmb:5 smb:8155 d:- ref:0 ;
in:1589 out:1586 type:P dur:2 cpbdur:2 q:27.69 aq:11.62 tex:6503 mv:779 misc:1630 imb:71 pmb:164 smb:7925 d:s ref:0 ;
in:1587 out:1587 type:B dur:2 cpbdur:2 q:27.75 aq:15.18 tex:178 mv:138 misc:476 imb:1 pmb:11 smb:8148 d:t ref:0 ;
in:1586 out:1588 type:b dur:2 cpbdur:2 q:27.78 aq:19.00 tex:5 mv:42 misc:409 imb:0 pmb:5 smb:8155 d:s ref:0 ;
in:1588 out:1589 type:b dur:2 cpbdur:2 q:27.72 aq:19.00 tex:5 mv:31 misc:420 imb:0 pmb:4 smb:8156 d:- ref:0 ;
in:1592 out:1590 type:P dur:2 cpbdur:2 q:27.56 aq:12.01 tex:15582 mv:1681 misc:2113 imb:186 pmb:214 smb:7760 d:s ref:0 ;
in:1590 out:1591 type:B dur:2 cpbdur:2 q:27.65 aq:16.69 tex:1197 mv:816 misc:563 imb:61 pmb:34 smb:8065 d:t ref:0 ;
in:1591 out:1592 type:b dur:2 cpbdur:2 q:27.60 aq:19.52 tex:1021 mv:498 misc:521 imb:26 pmb:35 smb:8099 d:- ref:0 ;
in:1596 out:1593 type:P dur:2 cpbdur:2 q:27.47 aq:11.11 tex:29563 mv:1854 misc:1695 imb:123 pmb:188 smb:7849 d:s ref:0 ;
in:1594 out:1594 type:B dur:2 cpbdur:2 q:27.51 aq:16.89 tex:3240 mv:965 misc:587 imb:5 pmb:91 smb:8064 d:t ref:0 ;
in:1593 out:1595 type:b dur:2 cpbdur:2 q:27.54 aq:25.94 tex:906 mv:529 misc:509 imb:0 pmb:60 smb:8100 d:s ref:0 ;
in:1595 out:1596 type:b dur:2 cpbdur:2 q:27.49 aq:15.87 tex:514 mv:408 misc:534 imb:0 pmb:45 smb:8115 d:- ref:0 ;
in:1600 out:1597 type:P dur:2 cpbdur:2 q:27.35 aq:12.15 tex:33923 mv:1468 misc:1865 imb:108 pmb:216 smb:7836 d:s ref:0 ;
in:1598 out:1598 type:B dur:2 cpbdur:2 q:27.41 aq:12.92 tex:242 mv:461 misc:609 imb:3 pmb:52 smb:8105 d:s ref:0 ;
in:1597 out:1599 type:b dur:2 cpbdur:2 q:27.44 aq:19.35 tex:459 mv:172 misc:537 imb:0 pmb:47 smb:8113 d:s ref:0 ;
in:1599 out:1600 type:b dur:2 cpbdur:2 q:27.38 aq:14.13 tex:39 mv:126 misc:539 imb:0 pmb:39 smb:8121 d:- ref:0 ;
in:1604 out:1601 type:P dur:2 cpbdur:2 q:27.22 aq:11.28 tex:8862 mv:886 misc:1644 imb:80 pmb:175 smb:7905 d:s ref:0 ;
in:1602 out:1602 type:B dur:2 cpbdur:2 q:27.28 aq:14.38 tex:188 mv:295 misc:541 imb:1 pmb:24 smb:8135 d:t ref:0 ;
in:1601 out:1603 type:b dur:2 cpbdur:2 q:27.31 aq:14.13 tex:35 mv:48 misc:453 imb:0 pmb:9 smb:8151 d:s ref:0 ;
in:1603 out:1604 type:b dur:2 cpbdur:2 q:27.25 aq:14.05 tex:75 mv:21 misc:432 imb:1 pmb:3 smb:8156 d:- ref:0 ;
in:1608 out:1605 type:P dur:2 cpbdur:2 q:27.09 aq:11.38 tex:9596 mv:845 misc:1631 imb:69 pmb:179 smb:7912 d:s ref:0 ;
in:1606 out:1606 type:B dur:2 cpbdur:2 q:27.15 aq:14.68 tex:55 mv:276 misc:501 imb:1 pmb:20 smb:8139 d:t ref:0 ;
in:1605 out:1607 type:b dur:2 cpbdur:2 q:27.19 aq:14.13 tex:26 mv:3 misc:411 imb:0 pmb:1 smb:8159 d:s ref:0 ;
in:1607 out:1608 type:b dur:2 cpbdur:2 q:27.12 aq:18.00 tex:7 mv:65 misc:416 imb:0 pmb:6 smb:8154 d:- ref:0 ;
in:1612 out:1609 type:P dur:2 cpbdur:2 q:26.96 aq:11.88 tex:12408 mv:1516 misc:1620 imb:166 pmb:183 smb:7811 d:s ref:0 ;
in:1610 out:1610 type:B dur:2 cpbdur:2 q:27.02 aq:21.30 tex:100 mv:280 misc:548 imb:1 pmb:51 smb:8108 d:s ref:0 ;
in:1609 out:1611 type:b dur:2 cpbdur:2 q:27.06 aq:18.00 tex:7 mv:46 misc:411 imb:0 pmb:5 smb:8155 d:s ref:0 ;
in:1611 out:1612 type:b dur:2 cpbdur:2 q:26.99 aq:18.11 tex:931 mv:892 misc:561 imb:81 pmb:35 smb:8044 d:- ref:0 ;
in:1614 out:1613 type:P dur:2 cpbdur:2 q:26.82 aq:10.78 tex:27794 mv:2316 misc:1986 imb:204 pmb:238 smb:7718 d:s ref:0 ;
in:1613 out:1614 type:b dur:2 cpbdur:2 q:26.89 aq:19.49 tex:1909 mv:1023 misc:564 imb:7 pmb:83 smb:8070 d:s ref:0 ;
in:1616 out:1615 type:P dur:2 cpbdur:2 q:26.76 aq:10.53 tex:35397 mv:1883 misc:1632 imb:109 pmb:237 smb:7814 d:s ref:0 ;
in:1615 out:1616 type:b dur:2 cpbdur:2 q:26.79 aq:21.17 tex:403 mv:510 misc:511 imb:0 pmb:36 smb:8124 d:s ref:0 ;
in:1617 out:1617 type:P dur:2 cpbdur:2 q:26.70 aq:10.18 tex:24033 mv:1314 misc:1909 imb:96 pmb:257 smb:7807 d:s ref:0 ;
in:1621 out:1618 type:P dur:2 cpbdur:2 q:26.67 aq:10.93 tex:47300 mv:1285 misc:1487 imb:76 pmb:202 smb:7882 d:s ref:0 ;
in:1619 out:1619 type:B dur:2 cpbdur:2 q:26.69 aq:16.56 tex:80 mv:228 misc:548 imb:1 pmb:42 smb:8117 d:s ref:0 ;
in:1618 out:1620 type:b dur:2 cpbdur:2 q:26.69 aq:18.77 tex:710 mv:139 misc:543 imb:0 pmb:65 smb:8095 d:s ref:0 ;
in:1620 out:1621 type:b dur:2 cpbdur:2 q:26.68 aq:17.34 tex:40 mv:98 misc:526 imb:1 pmb:39 smb:8120 d:- ref:0 ;
in:1625 out:1622 type:P dur:2 cpbdur:2 q:26.55 aq:11.30 tex:11071 mv:615 misc:1522 imb:67 pmb:175 smb:7918 d:s ref:0 ;
in:1623 out:1623 type:B dur:2 cpbdur:2 q:26.61 aq:16.00 tex:25 mv:73 misc:462 imb:0 pmb:9 smb:8151 d:t ref:0 ;
in:1622 out:1624 type:b dur:2 cpbdur:2 q:26.64 aq:18.00 tex:15 mv:43 misc:422 imb:0 pmb:6 smb:8154 d:t ref:0 ;
in:1624 out:1625 type:b dur:2 cpbdur:2 q:26.58 aq:17.00 tex:23 mv:60 misc:437 imb:0 pmb:8 smb:8152 d:- ref:0 ;
in:1627 out:1626 type:P dur:2 cpbdur:2 q:26.41 aq:11.07 tex:11228 mv:835 misc:1761 imb:97 pmb:184 smb:7879 d:s ref:0 ;
in:1626 out:1627 type:b dur:2 cpbdur:2 q:26.48 aq:13.13 tex:42 mv:149 misc:521 imb:5 pmb:25 smb:8130 d:t ref:0 ;
in:1629 out:1628 type:P dur:2 cpbdur:2 q:26.35 aq:13.74 tex:91638 mv:4174 misc:1788 imb:271 pmb:488 smb:7401 d:s ref:0 ;
in:1628 out:1629 type:b dur:2 cpbdur:2 q:26.38 aq:27.43 tex:6292 mv:1963 misc:1025 imb:73 pmb:328 smb:7759 d:s ref:0 ;
in:1633 out:1630 type:P dur:2 cpbdur:2 q:26.29 aq:13.73 tex:51156 mv:4940 misc:1632 imb:657 pmb:141 smb:7362 d:s ref:0 ;
in:1631 out:1631 type:B dur:2 cpbdur:2 q:26.32 aq:17.66 tex:44740 mv:6958 misc:838 imb:156 pmb:483 smb:7521 d:s ref:0 ;
in:1630 out:1632 type:b dur:2 cpbdur:2 q:26.33 aq:21.50 tex:10121 mv:4074 misc:1109 imb:81 pmb:402 smb:7677 d:s ref:0 ;
in:1632 out:1633 type:b dur:2 cpbdur:2 q:26.30 aq:19.56 tex:6412 mv:3137 misc:1275 imb:22 pmb:350 smb:7788 d:- ref:0 ;
in:1635 out:1634 type:P dur:2 cpbdur:2 q:26.18 aq:13.53 tex:23590 mv:5042 misc:1904 imb:672 pmb:221 smb:7267 d:s ref:0 ;
in:1634 out:1635 type:b dur:2 cpbdur:2 q:26.24 aq:18.63 tex:8784 mv:4056 misc:1224 imb:60 pmb:425 smb:7675 d:s ref:0 ;
in:1636 out:1636 type:P dur:2 cpbdur:2 q:26.13 aq:11.68 tex:18822 mv:4798 misc:2284 imb:726 pmb:256 smb:7178 d:s ref:0 ;
in:1640 out:1637 type:P dur:2 cpbdur:2 q:26.12 aq:10.14 tex:14061 mv:2951 misc:1628 imb:714 pmb:137 smb:7309 d:s ref:0 ;
in:1638 out:1638 type:B dur:2 cpbdur:2 q:26.12 aq:16.31 tex:1313 mv:1072 misc:927 imb:31 pmb:169 smb:7960 d:s ref:0 ;
in:1637 out:1639 type:b dur:2 cpbdur:2 q:26.13 aq:13.51 tex:409 mv:682 misc:845 imb:57 pmb:109 smb:7994 d:s ref:0 ;
in:1639 out:1640 type:b dur:2 cpbdur:2 q:26.12 aq:14.91 tex:1292 mv:501 misc:519 imb:14 pmb:42 smb:8104 d:- ref:0 ;
in:1644 out:1641 type:P dur:2 cpbdur:2 q:25.99 aq:12.30 tex:17533 mv:1081 misc:1298 imb:68 pmb:133 smb:7959 d:s ref:0 ;
in:1642 out:1642 type:B dur:2 cpbdur:2 q:26.05 aq:16.19 tex:2931 mv:764 misc:521 imb:13 pmb:48 smb:8099 d:s ref:0 ;
in:1641 out:1643 type:b dur:2 cpbdur:2 q:26.08 aq:19.20 tex:1077 mv:436 misc:479 imb:3 pmb:41 smb:8116 d:s ref:0 ;
in:1643 out:1644 type:b dur:2 cpbdur:2 q:26.02 aq:24.25 tex:520 mv:408 misc:528 imb:3 pmb:34 smb:8123 d:- ref:0 ;
in:1646 out:1645 type:P dur:2 cpbdur:2 q:25.84 aq:13.06 tex:35396 mv:4084 misc:1672 imb:572 pmb:205 smb:7383 d:s ref:0 ;
in:1645 out:1646 type:b dur:2 cpbdur:2 q:25.92 aq:15.06 tex:141 mv:200 misc:755 imb:0 pmb:117 smb:8043 d:s ref:0 ;
in:1650 out:1647 type:P dur:2 cpbdur:2 q:25.78 aq:12.82 tex:70235 mv:5639 misc:1550 imb:487 pmb:283 smb:7390 d:s ref:0 ;
in:1648 out:1648 type:B dur:2 cpbdur:2 q:25.81 aq:17.07 tex:18244 mv:5580 misc:848 imb:143 pmb:417 smb:7600 d:s ref:0 ;
in:1647 out:1649 type:b dur:2 cpbdur:2 q:25.83 aq:18.80 tex:8286 mv:3731 misc:1007 imb:85 pmb:361 smb:7714 d:s ref:0 ;
in:1649 out:1650 type:b dur:2 cpbdur:2 q:25.79 aq:17.41 tex:4977 mv:2766 misc:1041 imb:9 pmb:306 smb:7845 d:- ref:0 ;
in:1654 out:1651 type:P dur:2 cpbdur:2 q:25.66 aq:13.02 tex:116492 mv:5401 misc:1467 imb:348 pmb:312 smb:7500 d:s ref:0 ;
in:1652 out:1652 type:B dur:2 cpbdur:2 q:25.72 aq:14.99 tex:18736 mv:6095 misc:737 imb:47 pmb:435 smb:7678 d:s ref:0 ;
in:1651 out:1653 type:b dur:2 cpbdur:2 q:25.75 aq:18.04 tex:4527 mv:3124 misc:1005 imb:18 pmb:290 smb:7852 d:s ref:0 ;
in:1653 out:1654 type:b dur:2 cpbdur:2 q:25.69 aq:20.52 tex:7419 mv:3239 misc:886 imb:9 pmb:317 smb:7834 d:- ref:0 ;
in:1655 out:1655 type:P dur:2 cpbdur:2 q:25.58 aq:12.35 tex:61966 mv:3425 misc:1417 imb:100 pmb:453 smb:7607 d:s ref:0 ;
in:1656 out:1656 type:P dur:2 cpbdur:2 q:25.55 aq:11.45 tex:36808 mv:2966 misc:1490 imb:95 pmb:457 smb:7608 d:s ref:0 ;
in:1657 out:1657 type:P dur:2 cpbdur:2 q:25.53 aq:10.45 tex:132086 mv:3588 misc:1510 imb:128 pmb:444 smb:7588 d:s ref:0 ;
in:1659 out:1658 type:P dur:2 cpbdur:2 q:25.52 aq:10.48 tex:138446 mv:6064 misc:1578 imb:638 pmb:450 smb:7072 d:s ref:0 ;
in:1658 out:1659 type:b dur:2 cpbdur:2 q:25.52 aq:18.67 tex:23437 mv:5832 misc:1139 imb:250 pmb:478 smb:7432 d:s ref:0 ;
in:1661 out:1660 type:P dur:2 cpbdur:2 q:25.46 aq:10.32 tex:142767 mv:5765 misc:1556 imb:495 pmb:600 smb:7065 d:s ref:0 ;
in:1660 out:1661 type:b dur:2 cpbdur:2 q:25.49 aq:18.71 tex:6931 mv:4234 misc:1203 imb:131 pmb:467 smb:7562 d:s ref:0 ;
in:1664 out:1662 type:P dur:2 cpbdur:2 q:25.43 aq:10.72 tex:134918 mv:4859 misc:1343 imb:451 pmb:545 smb:7164 d:s ref:0 ;
in:1662 out:1663 type:B dur:2 cpbdur:2 q:25.45 aq:17.80 tex:4948 mv:3424 misc:1140 imb:155 pmb:333 smb:7672 d:s ref:0 ;
in:1663 out:1664 type:b dur:2 cpbdur:2 q:25.44 aq:17.55 tex:3457 mv:3012 misc:1027 imb:111 pmb:341 smb:7708 d:- ref:0 ;
in:1665 out:1665 type:P dur:2 cpbdur:2 q:25.40 aq:10.95 tex:47320 mv:2324 misc:1828 imb:260 pmb:400 smb:7500 d:s ref:0 ;
in:1666 out:1666 type:P dur:2 cpbdur:2 q:25.40 aq:10.38 tex:43157 mv:2374 misc:1773 imb:308 pmb:380 smb:7472 d:s ref:0 ;
in:1670 out:1667 type:P dur:2 cpbdur:2 q:25.37 aq:9.62 tex:50528 mv:2407 misc:1177 imb:340 pmb:286 smb:7534 d:s ref:0 ;
in:1668 out:1668 type:B dur:2 cpbdur:2 q:25.38 aq:15.34 tex:1313 mv:932 misc:811 imb:42 pmb:123 smb:7995 d:s ref:0 ;
in:1667 out:1669 type:b dur:2 cpbdur:2 q:25.39 aq:19.31 tex:1856 mv:1907 misc:829 imb:89 pmb:194 smb:7877 d:s ref:0 ;
in:1669 out:1670 type:b dur:2 cpbdur:2 q:25.38 aq:20.21 tex:1248 mv:923 misc:749 imb:79 pmb:75 smb:8006 d:- ref:0 ;
in:1674 out:1671 type:P dur:2 cpbdur:2 q:25.26 aq:10.71 tex:21720 mv:1317 misc:1427 imb:115 pmb:248 smb:7797 d:s ref:0 ;
in:1672 out:1672 type:B dur:2 cpbdur:2 q:25.31 aq:16.27 tex:333 mv:93 misc:558 imb:0 pmb:32 smb:8128 d:t ref:0 ;
in:1671 out:1673 type:b dur:2 cpbdur:2 q:25.34 aq:20.29 tex:250 mv:56 misc:470 imb:0 pmb:14 smb:8146 d:s ref:0 ;
in:1673 out:1674 type:b dur:2 cpbdur:2 q:25.28 aq:12.32 tex:27 mv:3 misc:410 imb:0 pmb:1 smb:8159 d:- ref:0 ;
in:1678 out:1675 type:P dur:2 cpbdur:2 q:25.12 aq:10.97 tex:35533 mv:517 misc:1126 imb:28 pmb:205 smb:7927 d:s ref:0 ;
in:1676 out:1676 type:B dur:2 cpbdur:2 q:25.19 aq:13.81 tex:159 mv:70 misc:555 imb:0 pmb:23 smb:8137 d:s ref:0 ;
in:1675 out:1677 type:b dur:2 cpbdur:2 q:25.22 aq:12.32 tex:29 mv:8 misc:419 imb:0 pmb:2 smb:8158 d:s ref:0 ;
in:1677 out:1678 type:b dur:2 cpbdur:2 q:25.15 aq:12.32 tex:27 mv:3 misc:410 imb:0 pmb:1 smb:8159 d:- ref:0 ;
in:1682 out:1679 type:P dur:2 cpbdur:2 q:24.96 aq:10.94 tex:1703 mv:284 misc:957 imb:22 pmb:65 smb:8073 d:s ref:0 ;
in:1680 out:1680 type:B dur:2 cpbdur:2 q:25.04 aq:13.22 tex:404 mv:31 misc:605 imb:0 pmb:31 smb:8129 d:s ref:0 ;
in:1679 out:1681 type:b dur:2 cpbdur:2 q:25.08 aq:12.32 tex:27 mv:3 misc:410 imb:0 pmb:1 smb:8159 d:s ref:0 ;
in:1681 out:1682 type:b dur:2 cpbdur:2 q:25.00 aq:12.32 tex:27 mv:3 misc:410 imb:0 pmb:1 smb:8159 d:- ref:0 ;
in:1686 out:1683 type:P dur:2 cpbdur:2 q:24.81 aq:10.91 tex:1259 mv:301 misc:960 imb:24 pmb:61 smb:8075 d:s ref:0 ;
in:1684 out:1684 type:B dur:2 cpbdur:2 q:24.89 aq:13.19 tex:421 mv:30 misc:605 imb:0 pmb:32 smb:8128 d:s ref:0 ;
in:1683 out:1685 type:b dur:2 cpbdur:2 q:24.93 aq:12.32 tex:27 mv:3 misc:410 imb:0 pmb:1 smb:8159 d:s ref:0 ;
in:1685 out:1686 type:b dur:2 cpbdur:2 q:24.85 aq:12.32 tex:27 mv:3 misc:410 imb:0 pmb:1 smb:8159 d:- ref:0 ;
in:1690 out:1687 type:P dur:2 cpbdur:2 q:24.66 aq:10.87 tex:1079 mv:273 misc:1112 imb:20 pmb:96 smb:8044 d:s ref:0 ;
in:1688 out:1688 type:B dur:2 cpbdur:2 q:24.74 aq:12.14 tex:394 mv:49 misc:645 imb:0 pmb:39 smb:8121 d:s ref:0 ;
in:1687 out:1689 type:b dur:2 cpbdur:2 q:24.77 aq:12.32 tex:27 mv:3 misc:410 imb:0 pmb:1 smb:8159 d:s ref:0 ;
in:1689 out:1690 type:b dur:2 cpbdur:2 q:24.70 aq:12.32 tex:27 mv:3 misc:410 imb:0 pmb:1 smb:8159 d:- ref:0 ;
in:1694 out:1691 type:P dur:2 cpbdur:2 q:24.50 aq:11.40 tex:1022 mv:267 misc:1135 imb:19 pmb:106 smb:8035 d:s ref:0 ;
in:1692 out:1692 type:B dur:2 cpbdur:2 q:24.58 aq:12.14 tex:464 mv:36 misc:684 imb:0 pmb:46 smb:8114 d:s ref:0 ;
in:1691 out:1693 type:b dur:2 cpbdur:2 q:24.62 aq:11.94 tex:24 mv:3 misc:413 imb:0 pmb:1 smb:8159 d:s ref:0 ;
in:1693 out:1694 type:b dur:2 cpbdur:2 q:24.54 aq:11.94 tex:24 mv:3 misc:413 imb:0 pmb:1 smb:8159 d:- ref:0 ;
in:1697 out:1695 type:P dur:2 cpbdur:2 q:24.33 aq:15.74 tex:105 mv:37 misc:498 imb:0 pmb:8 smb:8152 d:s ref:0 ;
in:1695 out:1696 type:B dur:2 cpbdur:2 q:24.45 aq:12.70 tex:353 mv:43 misc:604 imb:0 pmb:31 smb:8129 d:s ref:0 ;
in:1696 out:1697 type:b dur:2 cpbdur:2 q:24.39 aq:15.84 tex:74 mv:18 misc:452 imb:0 pmb:6 smb:8154 d:- ref:0 ;
